Date;Side;Win/Lose;Player;Lane;Hero;Ban Hero;Spell;Team;Opponent;Game 1 - 3;Kill;Death;Assist;Duration;Map;Bracket
14/07/2026;Blue;Win;Jessica66;Explane;Alice;Mathilda;Flicker;SAETA;Falcons Vega;1 - 0;0;2;5;14:11;Broken Walls;UB Quarterfinals
14/07/2026;Blue;Win;Zhou;Jungler;Hirara;Atlas;Retribution;SAETA;Falcons Vega;1 - 0;2;1;2;14:11;Broken Walls;UB Quarterfinals
14/07/2026;Blue;Win;Namei;Midlane;Yve;Gloo;Flicker;SAETA;Falcons Vega;1 - 0;1;0;9;14:11;Broken Walls;UB Quarterfinals
14/07/2026;Blue;Win;Gaigai;Goldlane;Karrie;Fredrinn;Purify;SAETA;Falcons Vega;1 - 0;4;0;2;14:11;Broken Walls;UB Quarterfinals
14/07/2026;Blue;Win;FanHua;Roam;Gatot Kaca;Harith;Revitalize;SAETA;Falcons Vega;1 - 0;4;1;5;14:11;Broken Walls;UB Quarterfinals
14/07/2026;Red;Lose;Violet;Explane;Phoveus;Marcel;Flicker;Falcons Vega;SAETA;0 - 1;0;4;2;14:11;Broken Walls;UB Quarterfinals
14/07/2026;Red;Lose;Xev;Jungler;Suyou;Carmilla;Retribution;Falcons Vega;SAETA;0 - 1;1;3;2;14:11;Broken Walls;UB Quarterfinals
14/07/2026;Red;Lose;Livii;Midlane;Gord;Baxia;Flicker;Falcons Vega;SAETA;0 - 1;1;2;1;14:11;Broken Walls;UB Quarterfinals
14/07/2026;Red;Lose;Liv;Goldlane;Moskov;Esmeralda;Purify;Falcons Vega;SAETA;0 - 1;2;0;1;14:11;Broken Walls;UB Quarterfinals
14/07/2026;Red;Lose;Remund;Roam;Belerick;Minotaur;Flicker;Falcons Vega;SAETA;0 - 1;0;2;2;14:11;Broken Walls;UB Quarterfinals
14/07/2026;Red;Win;Jessica66;Explane;Esmeralda;Akai;Vengeance;SAETA;Falcons Vega;2 - 0;4;0;3;14:10;Dangerous Grass;UB Quarterfinals
14/07/2026;Red;Win;Zhou;Jungler;Baxia;X Borg;Retribution;SAETA;Falcons Vega;2 - 0;0;2;13;14:10;Dangerous Grass;UB Quarterfinals
14/07/2026;Red;Win;Namei;Midlane;Yve;Atlas;Flicker;SAETA;Falcons Vega;2 - 0;4;2;10;14:10;Dangerous Grass;UB Quarterfinals
14/07/2026;Red;Win;Gaigai;Goldlane;Claude;Mathilda;Flicker;SAETA;Falcons Vega;2 - 0;6;0;6;14:10;Dangerous Grass;UB Quarterfinals
14/07/2026;Red;Win;FanHua;Roam;Tigreal;Hirara;Flicker;SAETA;Falcons Vega;2 - 0;3;1;10;14:10;Dangerous Grass;UB Quarterfinals
14/07/2026;Blue;Lose;Violet;Explane;Paquito;Marcel;Flicker;Falcons Vega;SAETA;0 - 2;1;3;2;14:10;Dangerous Grass;UB Quarterfinals
14/07/2026;Blue;Lose;Xev;Jungler;Hanzo;Moskov;Retribution;Falcons Vega;SAETA;0 - 2;2;1;1;14:10;Dangerous Grass;UB Quarterfinals
14/07/2026;Blue;Lose;Livii;Midlane;Zhuxin;Carmilla;Purify;Falcons Vega;SAETA;0 - 2;1;6;3;14:10;Dangerous Grass;UB Quarterfinals
14/07/2026;Blue;Lose;Liv;Goldlane;Irithel;Karrie;Purify;Falcons Vega;SAETA;0 - 2;1;2;2;14:10;Dangerous Grass;UB Quarterfinals
14/07/2026;Blue;Lose;Remund;Roam;Hylos;Phoveus;Revitalize;Falcons Vega;SAETA;0 - 2;0;5;4;14.10;Dangerous Grass;UB Quarterfinals
14/07/2026;Red;Win;Noraa;Explane;Alice;Marcel;Flicker;Team Rey Young;Aurora Storm;1 - 0;1;4;10;20:41;Expanding Rivers;UB Quarterfinals
14/07/2026;Red;Win;Tann;Jungler;Lancelot;Zhuxin;Retribution;Team Rey Young;Aurora Storm;1 - 0;5;2;6;20:41;Expanding Rivers;UB Quarterfinals
14/07/2026;Red;Win;Mikuu;Midlane;Lylia;Suyou;Purify;Team Rey Young;Aurora Storm;1 - 0;4;2;14;20:41;Expanding Rivers;UB Quarterfinals
14/07/2026;Red;Win;Qu1nn;Goldlane;Hanabi;Freya;Aegis;Team Rey Young;Aurora Storm;1 - 0;8;1;8;20:41;Expanding Rivers;UB Quarterfinals
14/07/2026;Red;Win;Qiiboyyy;Roam;Gloo;Uranus;Flicker;Team Rey Young;Aurora Storm;1 - 0;1;5;14;20:41;Expanding Rivers;UB Quarterfinals
14/07/2026;Blue;Lose;Luette;Explane;Sora;Belerick;Flicker;Aurora Storm;Team Rey Young;0 - 1;5;7;6;20:41;Expanding Rivers;UB Quarterfinals
14/07/2026;Blue;Lose;Anu;Jungler;Hirara;Gord;Retribution;Aurora Storm;Team Rey Young;0 - 1;2;0;9;20:41;Expanding Rivers;UB Quarterfinals
14/07/2026;Blue;Lose;zulaana;Midlane;Lunox;Guinevere;Flicker;Aurora Storm;Team Rey Young;0 - 1;6;3;5;20:41;Expanding Rivers;UB Quarterfinals
14/07/2026;Blue;Lose;Mobsaiko;Goldlane;Moskov;Obsidia;Flicker;Aurora Storm;Team Rey Young;0 - 1;1;1;8;20:41;Expanding Rivers;UB Quarterfinals
14/07/2026;Blue;Lose;Nikaa;Roam;Atlas;Hanzo;Flicker;Aurora Storm;Team Rey Young;0 - 1;0;8;11;20:41;Expanding Rivers;UB Quarterfinals
14/07/2026;Red;Win;Noraa;Explane;Esmeralda;Marcel;Purify;Team Rey Young;Aurora Storm;2 - 0;0;1;10;19:01;Dangerous Grass;UB Quarterfinals
14/07/2026;Red;Win;Tann;Jungler;Suyou;Zhuxin;Retribution;Team Rey Young;Aurora Storm;2 - 0;8;2;3;19:01;Dangerous Grass;UB Quarterfinals
14/07/2026;Red;Win;Mikuu;Midlane;Lylia;Atlas;Purify;Team Rey Young;Aurora Storm;2 - 0;4;4;8;19:01;Dangerous Grass;UB Quarterfinals
14/07/2026;Red;Win;Qu1nn;Goldlane;Claude;Moskov;Purify;Team Rey Young;Aurora Storm;2 - 0;2;1;9;19:01;Dangerous Grass;UB Quarterfinals
14/07/2026;Red;Win;Qiiboyyy;Roam;Badang;Arlott;Flicker;Team Rey Young;Aurora Storm;2 - 0;3;4;7;19:01;Dangerous Grass;UB Quarterfinals
14/07/2026;Blue;Lose;Luette;Explane;Freya;Belerick;Vengeance;Aurora Storm;Team Rey Young;0 - 2;2;2;4;19:01;Dangerous Grass;UB Quarterfinals
14/07/2026;Blue;Lose;Anu;Jungler;Guinevere;Alice;Retribution;Aurora Storm;Team Rey Young;0 - 2;1;4;8;19:01;Dangerous Grass;UB Quarterfinals
14/07/2026;Blue;Lose;zulaana;Midlane;Gord;Gloo;Flicker;Aurora Storm;Team Rey Young;0 - 2;6;4;3;19:01;Dangerous Grass;UB Quarterfinals
14/07/2026;Blue;Lose;Mobsaiko;Goldlane;Clint;Hanabi;Flicker;Aurora Storm;Team Rey Young;0 - 2;2;2;8;19:01;Dangerous Grass;UB Quarterfinals
14/07/2026;Blue;Lose;Nikaa;Roam;Minotaur;Harith;Flicker;Aurora Storm;Team Rey Young;0 - 2;1;5;6;19:01;Dangerous Grass;UB Quarterfinals
14/07/2026;Blue;Win;Lyubon;Explane;Terizla;Freya;Flicker;Geltek Cyber Team;Geekay Esports FE;1 - 0;4;2;10;17:32;Expanding Rivers;UB Quarterfinals
14/07/2026;Blue;Win;Kioway;Jungler;Hirara;Marcel;Retribution;Geltek Cyber Team;Geekay Esports FE;1 - 0;4;1;10;17:32;Expanding Rivers;UB Quarterfinals
14/07/2026;Blue;Win;Sonjjqkke;Midlane;Valir;Zhuxin;Flicker;Geltek Cyber Team;Geekay Esports FE;1 - 0;3;0;15;17:32;Expanding Rivers;UB Quarterfinals
14/07/2026;Blue;Win;Tokio;Goldlane;Claude;Clint;Purify;Geltek Cyber Team;Geekay Esports FE;1 - 0;5;0;9;17:32;Expanding Rivers;UB Quarterfinals
14/07/2026;Blue;Win;KUWEJO;Roam;Atlas;Bruno;Flicker;Geltek Cyber Team;Geekay Esports FE;1 - 0;3;2;15;17:32;Expanding Rivers;UB Quarterfinals
14/07/2026;Red;Lose;Alyssa;Explane;Esmeralda;Yve;Purify;Geekay Esports FE;Geltek Cyber Team;0 - 1;0;5;2;17:32;Expanding Rivers;UB Quarterfinals
14/07/2026;Red;Lose;Alecta;Jungler;Baxia;Nolan;Retribution;Geekay Esports FE;Geltek Cyber Team;0 - 1;0;4;5;17:32;Expanding Rivers;UB Quarterfinals
14/07/2026;Red;Lose;Yui;Midlane;Valentina;Phoveus;Purify;Geekay Esports FE;Geltek Cyber Team;0 - 1;3;3;2;17:32;Expanding Rivers;UB Quarterfinals
14/07/2026;Red;Lose;Nephyria;Goldlane;Lesley;Gord;Flicker;Geekay Esports FE;Geltek Cyber Team;0 - 1;2;2;2;17:32;Expanding Rivers;UB Quarterfinals
14/07/2026;Red;Lose;Assu;Roam;Khufra;Benedetta;Flicker;Geekay Esports FE;Geltek Cyber Team;0 - 1;0;5;5;17:32;Expanding Rivers;UB Quarterfinals
14/07/2026;Red;Win;Lyubon;Explane;Esmeralda;Freya;Flicker;Geltek Cyber Team;Geekay Esports FE;2 - 0;6;3;9;19:04;Expanding Rivers;UB Quarterfinals
14/07/2026;Red;Win;Kioway;Jungler;Hayabusa;Zhuxin;Retribution;Geltek Cyber Team;Geekay Esports FE;2 - 0;3;2;18;19:04;Expanding Rivers;UB Quarterfinals
14/07/2026;Red;Win;Sonjjqkke;Midlane;Valentina;Marcel;Flicker;Geltek Cyber Team;Geekay Esports FE;2 - 0;10;2;10;19:04;Expanding Rivers;UB Quarterfinals
14/07/2026;Red;Win;Tokio;Goldlane;Claude;Gord;Purify;Geltek Cyber Team;Geekay Esports FE;2 - 0;4;3;16;19:04;Expanding Rivers;UB Quarterfinals
14/07/2026;Red;Win;KUWEJO;Roam;Belerick;Kimmy;Revitalize;Geltek Cyber Team;Geekay Esports FE;2 - 0;1;4;18;19:04;Expanding Rivers;UB Quarterfinals
14/07/2026;Blue;Lose;Alyssa;Explane;Paquito;Hirara;Flicker;Geekay Esports FE;Geltek Cyber Team;0 - 2;4;6;6;19:04;Expanding Rivers;UB Quarterfinals
14/07/2026;Blue;Lose;Alecta;Jungler;Baxia;Yve;Retribution;Geekay Esports FE;Geltek Cyber Team;0 - 2;2;4;8;19:04;Expanding Rivers;UB Quarterfinals
14/07/2026;Blue;Lose;Yui;Midlane;Faramis;Phoveus;Purify;Geekay Esports FE;Geltek Cyber Team;0 - 2;1;6;9;19:04;Expanding Rivers;UB Quarterfinals
14/07/2026;Blue;Lose;Nephyria;Goldlane;Harith;Nolan;Purify;Geekay Esports FE;Geltek Cyber Team;0 - 2;5;3;6;19:04;Expanding Rivers;UB Quarterfinals
14/07/2026;Blue;Lose;Assu;Roam;Hylos;Atlas;Revitalize;Geekay Esports FE;Geltek Cyber Team;0 - 2;2;5;8;19:04;Expanding Rivers;UB Quarterfinals
14/07/2026;Red;Lose;Rafa;Explane;Guinevere;Hirara;Flicker;Virtus.pro MENA;Twisted Minds VN;0 - 1;2;3;2;14:39;Broken Walls;UB Quarterfinals
14/07/2026;Red;Lose;Miss Meow;Jungler;Akai;Zhuxin;Retribution;Virtus.pro MENA;Twisted Minds VN;0 - 1;1;2;3;14:39;Broken Walls;UB Quarterfinals
14/07/2026;Red;Lose;Livin;Midlane;Gord;Paquito;Flicker;Virtus.pro MENA;Twisted Minds VN;0 - 1;0;2;4;14:39;Broken Walls;UB Quarterfinals
14/07/2026;Red;Lose;Lunar;Goldlane;Moskov;Esmeralda;Flicker;Virtus.pro MENA;Twisted Minds VN;0 - 1;2;1;2;14:39;Broken Walls;UB Quarterfinals
14/07/2026;Red;Lose;Minun;Roam;Gatot Kaca;Uranus;Revitalize;Virtus.pro MENA;Twisted Minds VN;0 - 1;0;3;5;14:39;Broken Walls;UB Quarterfinals
14/07/2026;Blue;Win;Daisy;Explane;Lapu lapu;Atlas;Flicker;Twisted Minds VN;Virtus.pro MENA;1 - 0;3;1;2;14:39;Broken Walls;UB Quarterfinals
14/07/2026;Blue;Win;Meylane;Jungler;Barats;Freya;Retribution;Twisted Minds VN;Virtus.pro MENA;1 - 0;1;1;6;14:39;Broken Walls;UB Quarterfinals
14/07/2026;Blue;Win;Saa;Midlane;Kagura;Marcel;Flicker;Twisted Minds VN;Virtus.pro MENA;1 - 0;4;2;3;14:39;Broken Walls;UB Quarterfinals
14/07/2026;Blue;Win;Chincaaw;Goldlane;Karrie;Arlott;Purify;Twisted Minds VN;Virtus.pro MENA;1 - 0;3;0;5;14:39;Broken Walls;UB Quarterfinals
14/07/2026;Blue;Win;Kao;Roam;Mathilda;Sora;Purify;Twisted Minds VN;Virtus.pro MENA;1 - 0;0;1;9;14:39;Broken Walls;UB Quarterfinals
14/07/2026;Red;Lose;Rafa;Explane;Esmeralda;Hirara;Flicker;Virtus.pro MENA;Twisted Minds VN;0 - 2;4;4;4;19:05;Expanding Rivers;UB Quarterfinals
14/07/2026;Red;Lose;Miss Meow;Jungler;Baxia;Paquito;Retribution;Virtus.pro MENA;Twisted Minds VN;0 - 2;0;7;6;19:05;Expanding Rivers;UB Quarterfinals
14/07/2026;Red;Lose;Livin;Midlane;Zhuxin;Khaleed;Flicker;Virtus.pro MENA;Twisted Minds VN;0 - 2;2;4;8;19:05;Expanding Rivers;UB Quarterfinals
14/07/2026;Red;Lose;Lunar;Goldlane;Karrie;Moskov;Purify;Virtus.pro MENA;Twisted Minds VN;0 - 2;5;3;5;19:05;Expanding Rivers;UB Quarterfinals
14/07/2026;Red;Lose;Minun;Roam;Rafaela;Granger;Purify;Virtus.pro MENA;Twisted Minds VN;0 - 2;1;6;9;19:05;Expanding Rivers;UB Quarterfinals
14/07/2026;Blue;Win;Daisy;Explane;Sora;Freya;Flicker;Twisted Minds VN;Virtus.pro MENA;2 - 0;4;3;11;19:05;Expanding Rivers;UB Quarterfinals
14/07/2026;Blue;Win;Meylane;Jungler;Barats;Marcel;Retribution;Twisted Minds VN;Virtus.pro MENA;2 - 0;5;3;14;19:05;Expanding Rivers;UB Quarterfinals
14/07/2026;Blue;Win;Saa;Midlane;Yve;Atlas;Flicker;Twisted Minds VN;Virtus.pro MENA;2 - 0;6;1;18;19:05;Expanding Rivers;UB Quarterfinals
14/07/2026;Blue;Win;Chincaaw;Goldlane;Wanwan;Kalea;Inspire;Twisted Minds VN;Virtus.pro MENA;2 - 0;7;3;10;19:05;Expanding Rivers;UB Quarterfinals
14/07/2026;Blue;Win;Kao;Roam;Mathilda;Kaja;Flicker;Twisted Minds VN;Virtus.pro MENA;2 - 0;2;2;21;19:05;Expanding Rivers;UB Quarterfinals
15/07/2026;Blue;Lose;Jessica66;Explane;Uranus;Gloo;Revitalize;SAETA;Team Rey Young;0 - 1;0;3;4;21:37;Flying Clouds;UB Semifinals
15/07/2026;Blue;Lose;Zhou;Jungler;Baxia;Atlas;Retribution;SAETA;Team Rey Young;0 - 1;1;5;7;21:37;Flying Clouds;UB Semifinals
15/07/2026;Blue;Lose;Namei;Midlane;Yve;Esmeralda;Flicker;SAETA;Team Rey Young;0 - 1;3;2;6;21:37;Flying Clouds;UB Semifinals
15/07/2026;Blue;Lose;Gaigai;Goldlane;Karrie;Badang;Flicker;SAETA;Team Rey Young;0 - 1;6;1;4;21:37;Flying Clouds;UB Semifinals
15/07/2026;Blue;Lose;FanHua;Roam;Gatot Kaca;Lancelot;Revitalize;SAETA;Team Rey Young;0 - 1;0;8;3;21:37;Flying Clouds;UB Semifinals
15/07/2026;Red;Win;Noraa;Explane;Phoveus;Marcel;Flicker;Team Rey Young;SAETA;1 - 0;1;3;10;21:37;Flying Clouds;UB Semifinals
15/07/2026;Red;Win;Tann;Jungler;X Borg;Zhuxin;Retribution;Team Rey Young;SAETA;1 - 0;9;0;9;21:37;Flying Clouds;UB Semifinals
15/07/2026;Red;Win;Mikuu;Midlane;Lylia;Hirara;Flicker;Team Rey Young;SAETA;1 - 0;4;2;14;21:37;Flying Clouds;UB Semifinals
15/07/2026;Red;Win;Qu1nn;Goldlane;Claude;Benedetta;Flicker;Team Rey Young;SAETA;1 - 0;3;3;4;21:37;Flying Clouds;UB Semifinals
15/07/2026;Red;Win;Qiiboyyy;Roam;Belerick;Alice;Revitalize;Team Rey Young;SAETA;1 - 0;2;2;14;21:37;Flying Clouds;UB Semifinals
15/07/2026;Red;Lose;Jessica66;Explane;Phoveus;Atlas;Flicker;SAETA;Team Rey Young;0 - 2;2;3;3;20:28;Dangerous Grass;UB Semifinals
15/07/2026;Red;Lose;Zhou;Jungler;Yi Sunshin;Gloo;Retribution;SAETA;Team Rey Young;0 - 2;0;4;4;20:28;Dangerous Grass;UB Semifinals
15/07/2026;Red;Lose;Namei;Midlane;Yve;Lylia;Flicker;SAETA;Team Rey Young;0 - 2;2;2;4;20:28;Dangerous Grass;UB Semifinals
15/07/2026;Red;Lose;Gaigai;Goldlane;Claude;Belerick;Flicker;SAETA;Team Rey Young;0 - 2;2;3;2;20:28;Dangerous Grass;UB Semifinals
15/07/2026;Red;Lose;FanHua;Roam;Khaleed;Kaja;Flicker;SAETA;Team Rey Young;0 - 2;0;5;6;20:28;Dangerous Grass;UB Semifinals
15/07/2026;Blue;Win;Noraa;Explane;Esmeralda;Hirara;Purify;Team Rey Young;SAETA;2 - 0;1;0;9;20:28;Dangerous Grass;UB Semifinals
15/07/2026;Blue;Win;Tann;Jungler;Nolan;Marcel;Retribution;Team Rey Young;SAETA;2 - 0;4;0;4;20:28;Dangerous Grass;UB Semifinals
15/07/2026;Blue;Win;Mikuu;Midlane;Zhuxin;Baxia;Flicker;Team Rey Young;SAETA;2 - 0;5;1;7;20:28;Dangerous Grass;UB Semifinals
15/07/2026;Blue;Win;Qu1nn;Goldlane;Karrie;Benedetta;Flicker;Team Rey Young;SAETA;2 - 0;2;4;7;20:28;Dangerous Grass;UB Semifinals
15/07/2026;Blue;Win;Qiiboyyy;Roam;Hilda;Alice;Flicker;Team Rey Young;SAETA;2 - 0;5;1;7;20:28;Dangerous Grass;UB Semifinals
15/07/2026;Blue;Win;Lyubon;Explane;Esmeralda;Mathilda;Flicker;Geltek Cyber Team;Twisted Minds VN;1 - 0;4;4;12;24:40;Dangerous Grass;UB Semifinals
15/07/2026;Blue;Win;Kioway;Jungler;Aulus;Zhuxin;Retribution;Geltek Cyber Team;Twisted Minds VN;1 - 0;11;3;8;24:40;Dangerous Grass;UB Semifinals
15/07/2026;Blue;Win;Sonjjqkke;Midlane;Gord;Freya;Flicker;Geltek Cyber Team;Twisted Minds VN;1 - 0;2;2;12;24:40;Dangerous Grass;UB Semifinals
15/07/2026;Blue;Win;Tokio;Goldlane;Hanabi;Arlott;Aegis;Geltek Cyber Team;Twisted Minds VN;1 - 0;5;3;11;24:40;Dangerous Grass;UB Semifinals
15/07/2026;Blue;Win;KUWEJO;Roam;Belerick;Yu Zhong;Revitalize;Geltek Cyber Team;Twisted Minds VN;1 - 0;1;5;16;24:40;Dangerous Grass;UB Semifinals
15/07/2026;Red;Lose;Daisy;Explane;Benedetta;Marcel;Petrify;Twisted Minds VN;Geltek Cyber Team;0 - 1;6;8;4;24:40;Dangerous Grass;UB Semifinals
15/07/2026;Red;Lose;Meylane;Jungler;Baxia;Hirara;Retribution;Twisted Minds VN;Geltek Cyber Team;0 - 1;2;7;9;24:40;Dangerous Grass;UB Semifinals
15/07/2026;Red;Lose;Saa;Midlane;Lylia;Atlas;Purify;Twisted Minds VN;Geltek Cyber Team;0 - 1;2;3;11;24:40;Dangerous Grass;UB Semifinals
15/07/2026;Red;Lose;Chincaaw;Goldlane;Karrie;Claude;Purify;Twisted Minds VN;Geltek Cyber Team;0 - 1;5;1;6;24:40;Dangerous Grass;UB Semifinals
15/07/2026;Red;Lose;Kao;Roam;Gloo;Guinevere;Flicker;Twisted Minds VN;Geltek Cyber Team;0 - 1;2;4;11;24:40;Dangerous Grass;UB Semifinals
15/07/2026;Red;Win;Lyubon;Explane;Paquito;Mathilda;Flicker;Geltek Cyber Team;Twisted Minds VN;2 - 0;4;4;5;15:43;Flying Clouds;UB Semifinals
15/07/2026;Red;Win;Kioway;Jungler;Harley;Zhuxin;Retribution;Geltek Cyber Team;Twisted Minds VN;2 - 0;2;2;7;15:43;Flying Clouds;UB Semifinals
15/07/2026;Red;Win;Sonjjqkke;Midlane;Luo Yi;Karrie;Flicker;Geltek Cyber Team;Twisted Minds VN;2 - 0;1;0;12;15:43;Flying Clouds;UB Semifinals
15/07/2026;Red;Win;Tokio;Goldlane;Clint;Esmeralda;Flicker;Geltek Cyber Team;Twisted Minds VN;2 - 0;5;1;8;15:43;Flying Clouds;UB Semifinals
15/07/2026;Red;Win;KUWEJO;Roam;Marcel;Phoveus;Flicker;Geltek Cyber Team;Twisted Minds VN;2 - 0;3;2;10;15:43;Flying Clouds;UB Semifinals
15/07/2026;Blue;Lose;Daisy;Explane;Freya;Belerick;Vengeance;Twisted Minds VN;Geltek Cyber Team;0 - 2;1;2;6;15:43;Flying Clouds;UB Semifinals
15/07/2026;Blue;Lose;Meylane;Jungler;Hirara;Atlas;Retribution;Twisted Minds VN;Geltek Cyber Team;0 - 2;3;2;2;15:43;Flying Clouds;UB Semifinals
15/07/2026;Blue;Lose;Saa;Midlane;Valentina;Claude;Flicker;Twisted Minds VN;Geltek Cyber Team;0 - 2;1;4;5;15:43;Flying Clouds;UB Semifinals
15/07/2026;Blue;Lose;Chincaaw;Goldlane;Bruno;Gord;Flicker;Twisted Minds VN;Geltek Cyber Team;0 - 2;4;1;2;15:43;Flying Clouds;UB Semifinals
15/07/2026;Blue;Lose;Kao;Roam;Hylos;Baxia;Revitalize;Twisted Minds VN;Geltek Cyber Team;0 - 2;0;6;5;15:43;Flying Clouds;UB Semifinals
15/07/2026;Red;Lose;Alyssa;Explane;Benedetta;Atlas;Petrify;Geekay Esports FE;Virtus.pro MENA;0 - 1;4;3;4;15:56;Expanding Rivers;LB Quarterfinals
15/07/2026;Red;Lose;Alecta;Jungler;Alice;Mathilda;Retribution;Geekay Esports FE;Virtus.pro MENA;0 - 1;0;7;7;15:56;Expanding Rivers;LB Quarterfinals
15/07/2026;Red;Lose;Yui;Midlane;Valir;Moskov;Flicker;Geekay Esports FE;Virtus.pro MENA;0 - 1;2;2;7;15:56;Expanding Rivers;LB Quarterfinals
15/07/2026;Red;Lose;Nephyria;Goldlane;Irithel;Sora;Sprint;Geekay Esports FE;Virtus.pro MENA;0 - 1;5;3;3;15:56;Expanding Rivers;LB Quarterfinals
15/07/2026;Red;Lose;Assu;Roam;Hylos;Arlott;Revitalize;Geekay Esports FE;Virtus.pro MENA;0 - 1;1;6;7;15:56;Expanding Rivers;LB Quarterfinals
15/07/2026;Blue;Win;Rafa;Explane;Esmeralda;Gord;Flicker;Virtus.pro MENA;Geekay Esports FE;1 - 0;3;2;13;15:56;Expanding Rivers;LB Quarterfinals
15/07/2026;Blue;Win;Miss Meow;Jungler;Lancelot;Baxia;Retribution;Virtus.pro MENA;Geekay Esports FE;1 - 0;5;2;6;15:56;Expanding Rivers;LB Quarterfinals
15/07/2026;Blue;Win;Livin;Midlane;Yve;Hirara;Flicker;Virtus.pro MENA;Geekay Esports FE;1 - 0;3;2;13;15:56;Expanding Rivers;LB Quarterfinals
15/07/2026;Blue;Win;Lunar;Goldlane;Karrie;Harley;Flicker;Virtus.pro MENA;Geekay Esports FE;1 - 0;10;0;7;15:56;Expanding Rivers;LB Quarterfinals
15/07/2026;Blue;Win;Minun;Roam;Marcel;Nolan;Revitalize;Virtus.pro MENA;Geekay Esports FE;1 - 0;0;6;17;15:56;Expanding Rivers;LB Quarterfinals
15/07/2026;Blue;Lose;Alyssa;Explane;Arlott;Marcel;Flicker;Geekay Esports FE;Virtus.pro MENA;0 - 2;1;3;13;23:05;Dangerous Grass;LB Quarterfinals
15/07/2026;Blue;Lose;Alecta;Jungler;Joy;Moskov;Retribution;Geekay Esports FE;Virtus.pro MENA;0 - 2;12;4;10;23:05;Dangerous Grass;LB Quarterfinals
15/07/2026;Blue;Lose;Yui;Midlane;Yve;Phoveus;Flicker;Geekay Esports FE;Virtus.pro MENA;0 - 2;4;3;13;23:05;Dangerous Grass;LB Quarterfinals
15/07/2026;Blue;Lose;Nephyria;Goldlane;Freya;Alice;Vengeance;Geekay Esports FE;Virtus.pro MENA;0 - 2;6;5;7;23:05;Dangerous Grass;LB Quarterfinals
15/07/2026;Blue;Lose;Assu;Roam;Atlas;Fredrinn;Flicker;Geekay Esports FE;Virtus.pro MENA;0 - 2;1;6;17;23:05;Dangerous Grass;LB Quarterfinals
15/07/2026;Red;Win;Rafa;Explane;Esmeralda;Mathilda;Flicker;Virtus.pro MENA;Geekay Esports FE;2 - 0;6;4;10;23:05;Dangerous Grass;LB Quarterfinals
15/07/2026;Red;Win;Miss Meow;Jungler;Ling;Hirara;Retribution;Virtus.pro MENA;Geekay Esports FE;2 - 0;7;5;3;23:05;Dangerous Grass;LB Quarterfinals
15/07/2026;Red;Win;Livin;Midlane;Zetian;Baxia;Flicker;Virtus.pro MENA;Geekay Esports FE;2 - 0;5;3;11;23:05;Dangerous Grass;LB Quarterfinals
15/07/2026;Red;Win;Lunar;Goldlane;Karrie;Guinevere;Purify;Virtus.pro MENA;Geekay Esports FE;2 - 0;3;5;10;23:05;Dangerous Grass;LB Quarterfinals
15/07/2026;Red;Win;Minun;Roam;Grock;Harley;Flicker;Virtus.pro MENA;Geekay Esports FE;2 - 0;0;7;13;23:05;Dangerous Grass;LB Quarterfinals
15/07/2026;Blue;Win;Violet;Explane;Sora;Guinevere;Flicker;Falcons Vega;Aurora Storm;1 - 0;1;0;6;11:18;Flying Clouds;LB Quarterfinals
15/07/2026;Blue;Win;Xev;Jungler;Nolan;Phoveus;Retribution;Falcons Vega;Aurora Storm;1 - 0;3;2;5;11:18;Flying Clouds;LB Quarterfinals
15/07/2026;Blue;Win;Livii;Midlane;Yve;Marcel;Flicker;Falcons Vega;Aurora Storm;1 - 0;4;0;6;11:18;Flying Clouds;LB Quarterfinals
15/07/2026;Blue;Win;Liv;Goldlane;Karrie;Gord;Flicker;Falcons Vega;Aurora Storm;1 - 0;4;0;3;11:18;Flying Clouds;LB Quarterfinals
15/07/2026;Blue;Win;Remund;Roam;Hylos;Lylia;Revitalize;Falcons Vega;Aurora Storm;1 - 0;0;0;10;11:18;Flying Clouds;LB Quarterfinals
15/07/2026;Red;Lose;Luette;Explane;Esmeralda;Hirara;Sprint;Aurora Storm;Falcons Vega;0 - 1;1;3;0;11:18;Flying Clouds;LB Quarterfinals
15/07/2026;Red;Lose;Anu;Jungler;Harley;Mathilda;Retribution;Aurora Storm;Falcons Vega;0 - 1;0;2;0;11:18;Flying Clouds;LB Quarterfinals
15/07/2026;Red;Lose;zulaana;Midlane;Valentina;Atlas;Flicker;Aurora Storm;Falcons Vega;0 - 1;0;2;2;11:18;Flying Clouds;LB Quarterfinals
15/07/2026;Red;Lose;Mobsaiko;Goldlane;Claude;Gloo;Flicker;Aurora Storm;Falcons Vega;0 - 1;0;2;1;11:18;Flying Clouds;LB Quarterfinals
15/07/2026;Red;Lose;Nikaa;Roam;Belerick;Gatot Kaca;Flicker;Aurora Storm;Falcons Vega;0 - 1;1;3;0;11:18;Flying Clouds;LB Quarterfinals
15/07/2026;Red;Win;Violet;Explane;Sora;Hirara;Flicker;Falcons Vega;Aurora Storm;2 - 0;3;2;6;13:15;Expanding Rivers;LB Quarterfinals
15/07/2026;Red;Win;Xev;Jungler;Harley;Guinevere;Retribution;Falcons Vega;Aurora Storm;2 - 0;4;1;7;13:15;Expanding Rivers;LB Quarterfinals
15/07/2026;Red;Win;Livii;Midlane;Yve;Freya;Flicker;Falcons Vega;Aurora Storm;2 - 0;3;0;6;13:15;Expanding Rivers;LB Quarterfinals
15/07/2026;Red;Win;Liv;Goldlane;Karrie;Lylia;Flicker;Falcons Vega;Aurora Storm;2 - 0;4;1;5;13:15;Expanding Rivers;LB Quarterfinals
15/07/2026;Red;Win;Remund;Roam;Hilda;Gord;Flicker;Falcons Vega;Aurora Storm;2 - 0;0;2;3;13:15;Expanding Rivers;LB Quarterfinals
15/07/2026;Blue;Lose;Luette;Explane;Arlott;Mathilda;Flicker;Aurora Storm;Falcons Vega;0 - 2;1;5;4;13:15;Expanding Rivers;LB Quarterfinals
15/07/2026;Blue;Lose;Anu;Jungler;Akai;Belerick;Retribution;Aurora Storm;Falcons Vega;0 - 2;0;3;4;13:15;Expanding Rivers;LB Quarterfinals
15/07/2026;Blue;Lose;zulaana;Midlane;Valir;Gloo;Flicker;Aurora Storm;Falcons Vega;0 - 2;2;2;2;13:15;Expanding Rivers;LB Quarterfinals
15/07/2026;Blue;Lose;Mobsaiko;Goldlane;Hanabi;Minotaur;Aegis;Aurora Storm;Falcons Vega;0 - 2;2;2;3;13:15;Expanding Rivers;LB Quarterfinals
15/07/2026;Blue;Lose;Nikaa;Roam;Marcel;Barats;Flicker;Aurora Storm;Falcons Vega;0 - 2;1;2;2;13:15;Expanding Rivers;LB Quarterfinals
16/07/2026;Red;Lose;Daisy;Explane;Yu Zhong;Marcel;Petrify;Twisted Minds VN;Falcons Vega;0 - 1;0;6;0;10:48;Dangerous Grass;LB Semifinals
16/07/2026;Red;Lose;Meylane;Jungler;Hayabusa;Hirara;Retribution;Twisted Minds VN;Falcons Vega;0 - 1;0;3;0;10:48;Dangerous Grass;LB Semifinals
16/07/2026;Red;Lose;Saa;Midlane;Valentina;Paquito;Flicker;Twisted Minds VN;Falcons Vega;0 - 1;1;1;0;10:48;Dangerous Grass;LB Semifinals
16/07/2026;Red;Lose;Chincaaw;Goldlane;Claude;Belerick;Flicker;Twisted Minds VN;Falcons Vega;0 - 1;0;2;0;10:48;Dangerous Grass;LB Semifinals
16/07/2026;Red;Lose;Kao;Roam;Atlas;Hylos;Flicker;Twisted Minds VN;Falcons Vega;0 - 1;0;4;1;10:48;Dangerous Grass;LB Semifinals
16/07/2026;Blue;Win;Violet;Explane;Sora;Mathilda;Flicker;Falcons Vega;Twisted Minds VN;1 - 0;5;0;4;10:48;Dangerous Grass;LB Semifinals
16/07/2026;Blue;Win;Xev;Jungler;Harley;Esmeralda;Retribution;Falcons Vega;Twisted Minds VN;1 - 0;1;0;10;10:48;Dangerous Grass;LB Semifinals
16/07/2026;Blue;Win;Livii;Midlane;Yve;Freya;Flicker;Falcons Vega;Twisted Minds VN;1 - 0;4;1;1;10:48;Dangerous Grass;LB Semifinals
16/07/2026;Blue;Win;Liv;Goldlane;Karrie;Fanny;Purify;Falcons Vega;Twisted Minds VN;1 - 0;6;0;8;10:48;Dangerous Grass;LB Semifinals
16/07/2026;Blue;Win;Remund;Roam;Gatot Kaca;Baxia;Revitalize;Falcons Vega;Twisted Minds VN;1 - 0;0;0;10;10:48;Dangerous Grass;LB Semifinals
16/07/2026;Blue;Lose;Daisy;Explane;Paquito;Sora;Flicker;Twisted Minds VN;Falcons Vega;0 - 2;7;3;1;21:55;Flying Clouds;LB Semifinals
16/07/2026;Blue;Lose;Meylane;Jungler;Akai;Atlas;Retribution;Twisted Minds VN;Falcons Vega;0 - 2;0;2;6;21:55;Flying Clouds;LB Semifinals
16/07/2026;Blue;Lose;Saa;Midlane;Kagura;Belerick;Flicker;Twisted Minds VN;Falcons Vega;0 - 2;4;3;4;21:55;Flying Clouds;LB Semifinals
16/07/2026;Blue;Lose;Chincaaw;Goldlane;Claude;Kaja;Flicker;Twisted Minds VN;Falcons Vega;0 - 2;4;2;4;21:55;Flying Clouds;LB Semifinals
16/07/2026;Blue;Lose;Kao;Roam;Marcel;Kalea;Flicker;Twisted Minds VN;Falcons Vega;0 - 2;1;7;10;21:55;Flying Clouds;LB Semifinals
16/07/2026;Red;Win;Violet;Explane;Esmeralda;Mathilda;Purify;Falcons Vega;Twisted Minds VN;2 - 0;1;1;8;21:55;Flying Clouds;LB Semifinals
16/07/2026;Red;Win;Xev;Jungler;Harley;Baxia;Retribution;Falcons Vega;Twisted Minds VN;2 - 0;3;5;10;21:55;Flying Clouds;LB Semifinals
16/07/2026;Red;Win;Livii;Midlane;Yve;Hirara;Flicker;Falcons Vega;Twisted Minds VN;2 - 0;7;3;7;21:55;Flying Clouds;LB Semifinals
16/07/2026;Red;Win;Liv;Goldlane;Karrie;Gord;Flicker;Falcons Vega;Twisted Minds VN;2 - 0;5;2;7;21:55;Flying Clouds;LB Semifinals
16/07/2026;Red;Win;Remund;Roam;Hilda;Kimmy;Flicker;Falcons Vega;Twisted Minds VN;2 - 0;1;5;3;21:55;Flying Clouds;LB Semifinals
16/07/2026;Blue;Win;Jessica66;Explane;Esmeralda;Karrie;Flicker;SAETA;Virtus.pro MENA;1 - 0;4;0;4;13:25;Expanding Rivers;LB Semifinals
16/07/2026;Blue;Win;Zhou;Jungler;Yi Sunshin;Atlas;Retribution;SAETA;Virtus.pro MENA;1 - 0;6;2;10;13:25;Expanding Rivers;LB Semifinals
16/07/2026;Blue;Win;Namei;Midlane;Yve;Marcel;Flicker;SAETA;Virtus.pro MENA;1 - 0;4;0;6;13:25;Expanding Rivers;LB Semifinals
16/07/2026;Blue;Win;Gaigai;Goldlane;Claude;Lancelot;Purify;SAETA;Virtus.pro MENA;1 - 0;2;0;11;13:25;Expanding Rivers;LB Semifinals
16/07/2026;Blue;Win;FanHua;Roam;Belerick;Ling;Flicker;SAETA;Virtus.pro MENA;1 - 0;0;2;4;13:25;Expanding Rivers;LB Semifinals
16/07/2026;Red;Lose;Rafa;Explane;Gloo;Baxia;Flicker;Virtus.pro MENA;SAETA;0 - 1;1;4;3;13:25;Expanding Rivers;LB Semifinals
16/07/2026;Red;Lose;Miss Meow;Jungler;Nolan;Hirara;Retribution;Virtus.pro MENA;SAETA;0 - 1;1;4;0;13:25;Expanding Rivers;LB Semifinals
16/07/2026;Red;Lose;Livin;Midlane;Valir;Mathilda;Flicker;Virtus.pro MENA;SAETA;0 - 1;0;2;2;13:25;Expanding Rivers;LB Semifinals
16/07/2026;Red;Lose;Lunar;Goldlane;Moskov;Carmilla;Flicker;Virtus.pro MENA;SAETA;0 - 1;1;3;3;13:25;Expanding Rivers;LB Semifinals
16/07/2026;Red;Lose;Minun;Roam;Grock;Cecilion;Flicker;Virtus.pro MENA;SAETA;0 - 1;1;3;2;13:25;Expanding Rivers;LB Semifinals
16/07/2026;Red;Win;Jessica66;Explane;Benedetta;Karrie;Petrify;SAETA;Virtus.pro MENA;2 - 0;5;3;5;19:25;Flying Clouds;LB Semifinals
16/07/2026;Red;Win;Zhou;Jungler;Baxia;Marcel;Retribution;SAETA;Virtus.pro MENA;2 - 0;2;0;11;19:25;Flying Clouds;LB Semifinals
16/07/2026;Red;Win;Namei;Midlane;Lylia;Gloo;Purify;SAETA;Virtus.pro MENA;2 - 0;4;2;10;19:25;Flying Clouds;LB Semifinals
16/07/2026;Red;Win;Gaigai;Goldlane;Claude;Gord;Purify;SAETA;Virtus.pro MENA;2 - 0;6;2;8;19:25;Flying Clouds;LB Semifinals
16/07/2026;Red;Win;FanHua;Roam;Chou;Valir;Flicker;SAETA;Virtus.pro MENA;2 - 0;0;10;5;19:25;Flying Clouds;LB Semifinals
16/07/2026;Blue;Lose;Rafa;Explane;Paquito;Hirara;Flicker;Virtus.pro MENA;SAETA;0 - 2;4;3;5;19:25;Flying Clouds;LB Semifinals
16/07/2026;Blue;Lose;Miss Meow;Jungler;Barats;Esmeralda;Retribution;Virtus.pro MENA;SAETA;0 - 2;2;6;7;19:25;Flying Clouds;LB Semifinals
16/07/2026;Blue;Lose;Livin;Midlane;Zhuxin;Yve;Purify;Virtus.pro MENA;SAETA;0 - 2;5;1;7;19:25;Flying Clouds;LB Semifinals
16/07/2026;Blue;Lose;Lunar;Goldlane;Bruno;Belerick;Purify;Virtus.pro MENA;SAETA;0 - 2;4;4;8;19:25;Flying Clouds;LB Semifinals
16/07/2026;Blue;Lose;Minun;Roam;Mathilda;Atlas;Purify;Virtus.pro MENA;SAETA;0 - 2;2;3;12;19:25;Flying Clouds;LB Semifinals
14/07/2026;Blue;Win;Aria;Explane;Esmeralda;Fanny;Purify;Gen.G Esports;FUT Esports FE;1 - 0;4;2;9;14:43;Expanding Rivers;UB Quarterfinals
14/07/2026;Blue;Win;Ruii;Jungler;Hirara;Hanabi;Retribution;Gen.G Esports;FUT Esports FE;1 - 0;5;1;6;14:43;Expanding Rivers;UB Quarterfinals
14/07/2026;Blue;Win;Sayori;Midlane;Valentina;Selena;Purify;Gen.G Esports;FUT Esports FE;1 - 0;3;0;13;14:43;Expanding Rivers;UB Quarterfinals
14/07/2026;Blue;Win;Panda;Goldlane;Karrie;Gord;Purify;Gen.G Esports;FUT Esports FE;1 - 0;5;2;5;14:43;Expanding Rivers;UB Quarterfinals
14/07/2026;Blue;Win;Ashlay;Roam;Minotaur;Moskov;Flicker;Gen.G Esports;FUT Esports FE;1 - 0;0;4;11;14:43;Expanding Rivers;UB Quarterfinals
14/07/2026;Red;Lose;Unohana;Explane;Phoveus;Marcel;Flicker;FUT Esports FE;Gen.G Esports;0 - 1;3;5;4;14:43;Expanding Rivers;UB Quarterfinals
14/07/2026;Red;Lose;Kujou;Jungler;Guinevere;Freya;Retribution;FUT Esports FE;Gen.G Esports;0 - 1;3;3;2;14:43;Expanding Rivers;UB Quarterfinals
14/07/2026;Red;Lose;Zendaya;Midlane;Lylia;Arlott;Flicker;FUT Esports FE;Gen.G Esports;0 - 1;1;3;5;14:43;Expanding Rivers;UB Quarterfinals
14/07/2026;Red;Lose;Mieko;Goldlane;Harith;Mathilda;Purify;FUT Esports FE;Gen.G Esports;0 - 1;1;1;3;14:43;Expanding Rivers;UB Quarterfinals
14/07/2026;Red;Lose;Nora;Roam;Atlas;Hylos;Flicker;FUT Esports FE;Gen.G Esports;0 - 1;0;5;6;14:43;Expanding Rivers;UB Quarterfinals
14/07/2026;Red;Win;Aria;Explane;Esmeralda;Marcel;Purify;Gen.G Esports;FUT Esports FE;2 - 0;4;0;7;11:28;Dangerous Grass;UB Quarterfinals
14/07/2026;Red;Win;Ruii;Jungler;Akai;Selena;Retribution;Gen.G Esports;FUT Esports FE;2 - 0;2;0;11;11:28;Dangerous Grass;UB Quarterfinals
14/07/2026;Red;Win;Sayori;Midlane;Valentina;Hanabi;Flicker;Gen.G Esports;FUT Esports FE;2 - 0;5;1;9;11:28;Dangerous Grass;UB Quarterfinals
14/07/2026;Red;Win;Panda;Goldlane;Karrie;Yi Sunshin;Purify;Gen.G Esports;FUT Esports FE;2 - 0;5;1;3;11:28;Dangerous Grass;UB Quarterfinals
14/07/2026;Red;Win;Ashlay;Roam;Minotaur;Ling;Flicker;Gen.G Esports;FUT Esports FE;2 - 0;0;1;12;11:28;Dangerous Grass;UB Quarterfinals
14/07/2026;Blue;Lose;Unohana;Explane;Alice;Mathilda;Flicker;FUT Esports FE;Gen.G Esports;0 - 2;0;4;2;11:28;Dangerous Grass;UB Quarterfinals
14/07/2026;Blue;Lose;Kujou;Jungler;Barats;Lancelot;Retribution;FUT Esports FE;Gen.G Esports;0 - 2;0;5;1;11:28;Dangerous Grass;UB Quarterfinals
14/07/2026;Blue;Lose;Zendaya;Midlane;Kimmy;Hirara;Flicker;FUT Esports FE;Gen.G Esports;0 - 2;1;2;1;11:28;Dangerous Grass;UB Quarterfinals
14/07/2026;Blue;Lose;Mieko;Goldlane;Freya;Belerick;Vengeance;FUT Esports FE;Gen.G Esports;0 - 2;2;1;0;11:28;Dangerous Grass;UB Quarterfinals
14/07/2026;Blue;Lose;Nora;Roam;Chou;Nolan;Flicker;FUT Esports FE;Gen.G Esports;0 - 2;0;4;1;11:28;Dangerous Grass;UB Quarterfinals
14/07/2026;Red;Win;Fumi;Explane;Lapu lapu;Freya;Flicker;Team Vitality;MIBR.LOS;1 - 0;2;1;3;12:14;Expanding Rivers;UB Quarterfinals
14/07/2026;Red;Win;Vival;Jungler;Guinevere;Hirara;Retribution;Team Vitality;MIBR.LOS;1 - 0;3;2;5;12:14;Expanding Rivers;UB Quarterfinals
14/07/2026;Red;Win;Cinny;Midlane;Lylia;Marcel;Sprint;Team Vitality;MIBR.LOS;1 - 0;4;0;5;12:14;Expanding Rivers;UB Quarterfinals
14/07/2026;Red;Win;Chell;Goldlane;Claude;Belerick;Purify;Team Vitality;MIBR.LOS;1 - 0;1;0;6;12:14;Expanding Rivers;UB Quarterfinals
14/07/2026;Red;Win;Vivian;Roam;Atlas;Mathilda;Flicker;Team Vitality;MIBR.LOS;1 - 0;0;1;10;12:14;Expanding Rivers;UB Quarterfinals
14/07/2026;Blue;Lose;Mikiari;Explane;Alice;Paquito;Flicker;MIBR.LOS;Team Vitality;0 - 1;1;1;3;12:14;Expanding Rivers;UB Quarterfinals
14/07/2026;Blue;Lose;Haiob;Jungler;Suyou;Akai;Retribution;MIBR.LOS;Team Vitality;0 - 1;0;4;2;12:14;Expanding Rivers;UB Quarterfinals
14/07/2026;Blue;Lose;Lalaland;Midlane;Zhuxin;Yve;Purify;MIBR.LOS;Team Vitality;0 - 1;1;1;3;12:14;Expanding Rivers;UB Quarterfinals
14/07/2026;Blue;Lose;Pandinha;Goldlane;Karrie;Kimmy;Purify;MIBR.LOS;Team Vitality;0 - 1;0;2;2;12:14;Expanding Rivers;UB Quarterfinals
14/07/2026;Blue;Lose;Rayy;Roam;Grock;Gord;Flicker;MIBR.LOS;Team Vitality;0 - 1;2;2;0;12:14;Expanding Rivers;UB Quarterfinals
14/07/2026;Blue;Win;Fumi;Explane;Lapu lapu;Freya;Flicker;Team Vitality;MIBR.LOS;2 - 0;7;6;8;26:48;Expanding Rivers;UB Quarterfinals
14/07/2026;Blue;Win;Vival;Jungler;Akai;Phoveus;Retribution;Team Vitality;MIBR.LOS;2 - 0;1;4;11;26:48;Expanding Rivers;UB Quarterfinals
14/07/2026;Blue;Win;Cinny;Midlane;Valentina;Atlas;Flicker;Team Vitality;MIBR.LOS;2 - 0;5;4;14;26:48;Expanding Rivers;UB Quarterfinals
14/07/2026;Blue;Win;Chell;Goldlane;Claude;Esmeralda;Flicker;Team Vitality;MIBR.LOS;2 - 0;9;3;8;26:48;Expanding Rivers;UB Quarterfinals
14/07/2026;Blue;Win;Vivian;Roam;Mathilda;Alice;Flicker;Team Vitality;MIBR.LOS;2 - 0;6;5;21;26:48;Expanding Rivers;UB Quarterfinals
14/07/2026;Red;Lose;Mikiari;Explane;Uranus;Hirara;Purify;MIBR.LOS;Team Vitality;0 - 2;1;6;0;26:48;Expanding Rivers;UB Quarterfinals
14/07/2026;Red;Lose;Haiob;Jungler;Suyou;Marcel;Retribution;MIBR.LOS;Team Vitality;0 - 2;11;6;4;26:48;Expanding Rivers;UB Quarterfinals
14/07/2026;Red;Lose;Lalaland;Midlane;Kimmy;Paquito;Flicker;MIBR.LOS;Team Vitality;0 - 2;1;7;15;26:48;Expanding Rivers;UB Quarterfinals
14/07/2026;Red;Lose;Pandinha;Goldlane;Lunox;Belerick;Flicker;MIBR.LOS;Team Vitality;0 - 2;7;6;11;26:48;Expanding Rivers;UB Quarterfinals
14/07/2026;Red;Lose;Rayy;Roam;Grock;Arlott;Flicker;MIBR.LOS;Team Vitality;0 - 2;2;3;16;26:48;Expanding Rivers;UB Quarterfinals
14/07/2026;Blue;Lose;Ayanami;Explane;Uranus;Baxia;Purify;Natus Vincere;Galaxy Phoenix;0 - 1;0;2;1;14:06;Expanding Rivers;UB Quarterfinals
14/07/2026;Blue;Lose;Keishi;Jungler;Hirara;Akai;Retribution;Natus Vincere;Galaxy Phoenix;0 - 1;1;4;1;14:06;Expanding Rivers;UB Quarterfinals
14/07/2026;Blue;Lose;Rain;Midlane;Lylia;Phoveus;Purify;Natus Vincere;Galaxy Phoenix;0 - 1;0;1;1;14:06;Expanding Rivers;UB Quarterfinals
14/07/2026;Blue;Lose;Rianne;Goldlane;Karrie;Arlott;Purify;Natus Vincere;Galaxy Phoenix;0 - 1;1;3;1;14:06;Expanding Rivers;UB Quarterfinals
14/07/2026;Blue;Lose;Meraaay;Roam;Gloo;Valir;Flicker;Natus Vincere;Galaxy Phoenix;0 - 1;0;3;1;14:06;Expanding Rivers;UB Quarterfinals
14/07/2026;Red;Win;Lingg;Explane;Sora;Paquito;Flicker;Galaxy Phoenix;Natus Vincere;1 - 0;3;0;6;14:06;Expanding Rivers;UB Quarterfinals
14/07/2026;Red;Win;Fahh;Jungler;Guinevere;Marcel;Retribution;Galaxy Phoenix;Natus Vincere;1 - 0;6;0;2;14:06;Expanding Rivers;UB Quarterfinals
14/07/2026;Red;Win;Sofia;Midlane;Pharsa;Freya;Flicker;Galaxy Phoenix;Natus Vincere;1 - 0;2;1;5;14:06;Expanding Rivers;UB Quarterfinals
14/07/2026;Red;Win;Winnie;Goldlane;Claude;Atlas;Flicker;Galaxy Phoenix;Natus Vincere;1 - 0;2;0;5;14:06;Expanding Rivers;UB Quarterfinals
14/07/2026;Red;Win;Lemaa;Roam;Belerick;Hilda;Flicker;Galaxy Phoenix;Natus Vincere;1 - 0;0;1;8;14:06;Expanding Rivers;UB Quarterfinals
14/07/2026;Blue;Lose;Ayanami;Explane;Phoveus;Akai;Flicker;Natus Vincere;Galaxy Phoenix;0 - 2;0;4;1;12:32;Flying Clouds;UB Quarterfinals
14/07/2026;Blue;Lose;Keishi;Jungler;Nolan;Gloo;Retribution;Natus Vincere;Galaxy Phoenix;0 - 2;3;0;0;12:32;Flying Clouds;UB Quarterfinals
14/07/2026;Blue;Lose;Rain;Midlane;Zhuxin;Hirara;Purify;Natus Vincere;Galaxy Phoenix;0 - 2;0;0;3;12:32;Flying Clouds;UB Quarterfinals
14/07/2026;Blue;Lose;Rianne;Goldlane;Karrie;Sora;Purify;Natus Vincere;Galaxy Phoenix;0 - 2;0;3;1;12:32;Flying Clouds;UB Quarterfinals
14/07/2026;Blue;Lose;Meraaay;Roam;Gatot Kaca;Yu Zhong;Revitalize;Natus Vincere;Galaxy Phoenix;0 - 2;0;4;2;12:32;Flying Clouds;UB Quarterfinals
14/07/2026;Red;Win;Lingg;Explane;Lapu lapu;Marcel;Flicker;Galaxy Phoenix;Natus Vincere;2 - 0;2;1;5;12:32;Flying Clouds;UB Quarterfinals
14/07/2026;Red;Win;Fahh;Jungler;Guinevere;Paquito;Retribution;Galaxy Phoenix;Natus Vincere;2 - 0;1;1;9;12:32;Flying Clouds;UB Quarterfinals
14/07/2026;Red;Win;Sofia;Midlane;Gord;Baxia;Flicker;Galaxy Phoenix;Natus Vincere;2 - 0;3;0;7;12:32;Flying Clouds;UB Quarterfinals
14/07/2026;Red;Win;Winnie;Goldlane;Claude;Atlas;Flicker;Galaxy Phoenix;Natus Vincere;2 - 0;5;0;2;12:32;Flying Clouds;UB Quarterfinals
14/07/2026;Red;Win;Lemaa;Roam;Belerick;Hilda;Flicker;Galaxy Phoenix;Natus Vincere;2 - 0;0;1;7;12:32;Flying Clouds;UB Quarterfinals
14/07/2026;Blue;Win;Ayra;Explane;Cici;Paquito;Vengeance;Falcon Daisies;Falcons Vega MENA;1 - 0;4;0;9;21:10;Expanding Rivers;UB Quarterfinals
14/07/2026;Blue;Win;Starsoyy;Jungler;Ling;Phoveus;Retribution;Falcon Daisies;Falcons Vega MENA;1 - 0;6;0;6;21:10;Expanding Rivers;UB Quarterfinals
14/07/2026;Blue;Win;Aphoo;Midlane;Kimmy;Akai;Flicker;Falcon Daisies;Falcons Vega MENA;1 - 0;2;1;4;21:10;Expanding Rivers;UB Quarterfinals
14/07/2026;Blue;Win;Kiko;Goldlane;Freya;Gord;Flicker;Falcon Daisies;Falcons Vega MENA;1 - 0;5;0;9;21:10;Expanding Rivers;UB Quarterfinals
14/07/2026;Blue;Win;Jayyy;Roam;Belerick;Karrie;Revitalize;Falcon Daisies;Falcons Vega MENA;1 - 0;1;1;13;21:10;Expanding Rivers;UB Quarterfinals
14/07/2026;Red;Lose;Nocturne;Explane;Esmeralda;Marcel;Flicker;Falcons Vega MENA;Falcon Daisies;0 - 1;0;2;2;21:10;Expanding Rivers;UB Quarterfinals
14/07/2026;Red;Lose;Nana;Jungler;Hirara;Mathilda;Retribution;Falcons Vega MENA;Falcon Daisies;0 - 1;2;4;0;21:10;Expanding Rivers;UB Quarterfinals
14/07/2026;Red;Lose;Syrinx;Midlane;Lylia;Atlas;Flicker;Falcons Vega MENA;Falcon Daisies;0 - 1;0;5;2;21:10;Expanding Rivers;UB Quarterfinals
14/07/2026;Red;Lose;Names;Goldlane;Clint;Suyou;Flicker;Falcons Vega MENA;Falcon Daisies;0 - 1;0;2;2;21:10;Expanding Rivers;UB Quarterfinals
14/07/2026;Red;Lose;Nucci;Roam;Hylos;Yi Sunshin;Revitalize;Falcons Vega MENA;Falcon Daisies;0 - 1;0;5;2;21:10;Expanding Rivers;UB Quarterfinals
14/07/2026;Red;Win;Ayra;Explane;Cici;Marcel;Vengeance;Falcon Daisies;Falcons Vega MENA;1 - 1;2;2;3;14:11;Dangerous Grass;UB Quarterfinals
14/07/2026;Red;Win;Starsoyy;Jungler;Hirara;Paquito;Retribution;Falcon Daisies;Falcons Vega MENA;1 - 1;1;1;4;14:11;Dangerous Grass;UB Quarterfinals
14/07/2026;Red;Win;Aphoo;Midlane;Gord;Mathilda;Flicker;Falcon Daisies;Falcons Vega MENA;1 - 1;2;1;4;14:11;Dangerous Grass;UB Quarterfinals
14/07/2026;Red;Win;Kiko;Goldlane;Hanabi;Fanny;Aegis;Falcon Daisies;Falcons Vega MENA;1 - 1;0;4;2;14:11;Dangerous Grass;UB Quarterfinals
14/07/2026;Red;Win;Jayyy;Roam;Akai;Suyou;Flicker;Falcon Daisies;Falcons Vega MENA;1 - 1;2;4;5;14:11;Dangerous Grass;UB Quarterfinals
14/07/2026;Blue;Lose;Nocturne;Explane;Esmeralda;Freya;Flicker;Falcons Vega MENA;Falcon Daisies;1 - 1;2;0;5;14:11;Dangerous Grass;UB Quarterfinals
14/07/2026;Blue;Lose;Nana;Jungler;Yi Sunshin;Atlas;Retribution;Falcons Vega MENA;Falcon Daisies;1 - 1;6;0;4;14:11;Dangerous Grass;UB Quarterfinals
14/07/2026;Blue;Lose;Syrinx;Midlane;Kadita;Belerick;Petrify;Falcons Vega MENA;Falcon Daisies;1 - 1;1;1;7;14:11;Dangerous Grass;UB Quarterfinals
14/07/2026;Blue;Lose;Names;Goldlane;Moskov;Arlott;Flicker;Falcons Vega MENA;Falcon Daisies;1 - 1;2;1;6;14:11;Dangerous Grass;UB Quarterfinals
14/07/2026;Blue;Lose;Nucci;Roam;Hylos;Karrie;Revitalize;Falcons Vega MENA;Falcon Daisies;1 - 1;1;5;4;14:11;Dangerous Grass;UB Quarterfinals
14/07/2026;Blue;Lose;Ayra;Explane;Alice;Paquito;Flicker;Falcon Daisies;Falcons Vega MENA;1 - 2;1;4;2;15:12;Expanding Rivers;UB Quarterfinals
14/07/2026;Blue;Lose;Starsoyy;Jungler;Hirara;Esmeralda;Retribution;Falcon Daisies;Falcons Vega MENA;1 - 2;1;2;1;15:12;Expanding Rivers;UB Quarterfinals
14/07/2026;Blue;Lose;Aphoo;Midlane;Lylia;Phoveus;Flicker;Falcon Daisies;Falcons Vega MENA;1 - 2;0;1;2;15:12;Expanding Rivers;UB Quarterfinals
14/07/2026;Blue;Lose;Kiko;Goldlane;Hanabi;Harith;Aegis;Falcon Daisies;Falcons Vega MENA;1 - 2;0;2;2;15:12;Expanding Rivers;UB Quarterfinals
14/07/2026;Blue;Lose;Jayyy;Roam;Atlas;Fanny;Flicker;Falcon Daisies;Falcons Vega MENA;1 - 2;1;7;1;15:12;Expanding Rivers;UB Quarterfinals
14/07/2026;Red;Win;Nocturne;Explane;Yu Zhong;Marcel;Petrify;Falcons Vega MENA;Falcon Daisies;2 - 1;5;2;3;15:12;Expanding Rivers;UB Quarterfinals
14/07/2026;Red;Win;Nana;Jungler;Carmilla;Mathilda;Retribution;Falcons Vega MENA;Falcon Daisies;2 - 1;0;0;10;15:12;Expanding Rivers;UB Quarterfinals
14/07/2026;Red;Win;Syrinx;Midlane;Gord;Freya;Flicker;Falcons Vega MENA;Falcon Daisies;2 - 1;4;1;10;15:12;Expanding Rivers;UB Quarterfinals
14/07/2026;Red;Win;Names;Goldlane;Moskov;Ling;Purify;Falcons Vega MENA;Falcon Daisies;2 - 1;4;0;5;15:12;Expanding Rivers;UB Quarterfinals
14/07/2026;Red;Win;Nucci;Roam;Belerick;Arlott;Revitalize;Falcons Vega MENA;Falcon Daisies;2 - 1;3;0;13;15:12;Expanding Rivers;UB Quarterfinals
15/07/2026;Blue;Lose;Aria;Explane;Phoveus;Paquito;Flicker;Gen.G Esports;Team Vitality;0 - 1;1;5;0;14:47;Broken Walls;UB Semifinals
15/07/2026;Blue;Lose;Ruii;Jungler;Baxia;Gloo;Retribution;Gen.G Esports;Team Vitality;0 - 1;1;4;1;14:47;Broken Walls;UB Semifinals
15/07/2026;Blue;Lose;Sayori;Midlane;Gord;Atlas;Flicker;Gen.G Esports;Team Vitality;0 - 1;0;1;2;14:47;Broken Walls;UB Semifinals
15/07/2026;Blue;Lose;Panda;Goldlane;Granger;Mathilda;Flicker;Gen.G Esports;Team Vitality;0 - 1;1;3;1;14:47;Broken Walls;UB Semifinals
15/07/2026;Blue;Lose;Ashlay;Roam;Selena;Chou;Flicker;Gen.G Esports;Team Vitality;0 - 1;0;2;2;14:47;Broken Walls;UB Semifinals
15/07/2026;Red;Win;Fumi;Explane;Arlott;Marcel;Flicker;Team Vitality;Gen.G Esports;1 - 0;6;2;6;14:47;Broken Walls;UB Semifinals
15/07/2026;Red;Win;Vival;Jungler;Akai;Hirara;Retribution;Team Vitality;Gen.G Esports;1 - 0;1;0;9;14:47;Broken Walls;UB Semifinals
15/07/2026;Red;Win;Cinny;Midlane;Kagura;Esmeralda;Flameshot;Team Vitality;Gen.G Esports;1 - 0;2;0;6;14:47;Broken Walls;UB Semifinals
15/07/2026;Red;Win;Chell;Goldlane;Karrie;Uranus;Flicker;Team Vitality;Gen.G Esports;1 - 0;6;0;3;14:47;Broken Walls;UB Semifinals
15/07/2026;Red;Win;Vivian;Roam;Belerick;Freya;Flicker;Team Vitality;Gen.G Esports;1 - 0;0;1;9;14:47;Broken Walls;UB Semifinals
15/07/2026;Red;Lose;Aria;Explane;Esmeralda;Marcel;Purify;Gen.G Esports;Team Vitality;0 - 2;2;3;2;17:25;Flying Clouds;UB Semifinals
15/07/2026;Red;Lose;Ruii;Jungler;Baxia;Paquito;Retribution;Gen.G Esports;Team Vitality;0 - 2;0;2;3;17:25;Flying Clouds;UB Semifinals
15/07/2026;Red;Lose;Sayori;Midlane;Lylia;Atlas;Purify;Gen.G Esports;Team Vitality;0 - 2;2;1;3;17:25;Flying Clouds;UB Semifinals
15/07/2026;Red;Lose;Panda;Goldlane;Granger;Yve;Flicker;Gen.G Esports;Team Vitality;0 - 2;1;4;1;17:25;Flying Clouds;UB Semifinals
15/07/2026;Red;Lose;Ashlay;Roam;Chou;Valir;Flicker;Gen.G Esports;Team Vitality;0 - 2;0;2;3;17:25;Flying Clouds;UB Semifinals
15/07/2026;Blue;Win;Fumi;Explane;Alice;Zhuxin;Flicker;Team Vitality;Gen.G Esports;2 - 0;2;0;8;17:25;Flying Clouds;UB Semifinals
15/07/2026;Blue;Win;Vival;Jungler;Hirara;Phoveus;Retribution;Team Vitality;Gen.G Esports;2 - 0;8;2;2;17:25;Flying Clouds;UB Semifinals
15/07/2026;Blue;Win;Cinny;Midlane;Selena;Karrie;Flicker;Team Vitality;Gen.G Esports;2 - 0;0;1;7;17:25;Flying Clouds;UB Semifinals
15/07/2026;Blue;Win;Chell;Goldlane;Claude;Bruno;Purify;Team Vitality;Gen.G Esports;2 - 0;2;1;4;17:25;Flying Clouds;UB Semifinals
15/07/2026;Blue;Win;Vivian;Roam;Gloo;Irithel;Flicker;Team Vitality;Gen.G Esports;2 - 0;0;1;8;17:25;Flying Clouds;UB Semifinals
15/07/2026;Red;Win;Lingg;Explane;Sora;Paquito;Flicker;Galaxy Phoenix;Falcons Vega MENA;1 - 0;1;5;14;15:10;Expanding Rivers;UB Semifinals
15/07/2026;Red;Win;Fahh;Jungler;Ling;Yve;Retribution;Galaxy Phoenix;Falcons Vega MENA;1 - 0;10;1;6;15:10;Expanding Rivers;UB Semifinals
15/07/2026;Red;Win;Sofia;Midlane;Valir;Baxia;Flicker;Galaxy Phoenix;Falcons Vega MENA;1 - 0;2;4;10;15:10;Expanding Rivers;UB Semifinals
15/07/2026;Red;Win;Winnie;Goldlane;Claude;Carmilla;Flicker;Galaxy Phoenix;Falcons Vega MENA;1 - 0;5;1;9;15:10;Expanding Rivers;UB Semifinals
15/07/2026;Red;Win;Lemaa;Roam;Hilda;Moskov;Flicker;Galaxy Phoenix;Falcons Vega MENA;1 - 0;2;0;11;15:10;Expanding Rivers;UB Semifinals
15/07/2026;Blue;Lose;Nocturne;Explane;Esmeralda;Guinevere;Flicker;Falcons Vega MENA;Galaxy Phoenix;0 - 1;2;2;5;15:10;Expanding Rivers;UB Semifinals
15/07/2026;Blue;Lose;Nana;Jungler;Fanny;Freya;Retribution;Falcons Vega MENA;Galaxy Phoenix;0 - 1;7;2;2;15:10;Expanding Rivers;UB Semifinals
15/07/2026;Blue;Lose;Syrinx;Midlane;Lylia;Mathilda;Flicker;Falcons Vega MENA;Galaxy Phoenix;0 - 1;2;7;5;15:10;Expanding Rivers;UB Semifinals
15/07/2026;Blue;Lose;Names;Goldlane;Clint;Yu Zhong;Flicker;Falcons Vega MENA;Galaxy Phoenix;0 - 1;0;4;2;15:10;Expanding Rivers;UB Semifinals
15/07/2026;Blue;Lose;Nucci;Roam;Marcel;Hirara;Flicker;Falcons Vega MENA;Galaxy Phoenix;0 - 1;0;5;6;15:10;Expanding Rivers;UB Semifinals
15/07/2026;Red;Win;Lingg;Explane;Alice;Baxia;Flicker;Galaxy Phoenix;Falcons Vega MENA;2 - 0;1;2;13;18:00;Dangerous Grass;UB Semifinals
15/07/2026;Red;Win;Fahh;Jungler;Suyou;Belerick;Retribution;Galaxy Phoenix;Falcons Vega MENA;2 - 0;16;2;4;18:00;Dangerous Grass;UB Semifinals
15/07/2026;Red;Win;Sofia;Midlane;Selena;Carmilla;Flicker;Galaxy Phoenix;Falcons Vega MENA;2 - 0;4;2;8;18:00;Dangerous Grass;UB Semifinals
15/07/2026;Red;Win;Winnie;Goldlane;Claude;Fanny;Flicker;Galaxy Phoenix;Falcons Vega MENA;2 - 0;3;1;14;18:00;Dangerous Grass;UB Semifinals
15/07/2026;Red;Win;Lemaa;Roam;Marcel;Yve;Flicker;Galaxy Phoenix;Falcons Vega MENA;2 - 0;2;3;21;18:00;Dangerous Grass;UB Semifinals
15/07/2026;Blue;Lose;Nocturne;Explane;Esmeralda;Guinevere;Flicker;Falcons Vega MENA;Galaxy Phoenix;0 - 2;1;4;3;18:00;Dangerous Grass;UB Semifinals
15/07/2026;Blue;Lose;Nana;Jungler;Yi Sunshin;Freya;Retribution;Falcons Vega MENA;Galaxy Phoenix;0 - 2;2;7;3;18:00;Dangerous Grass;UB Semifinals
15/07/2026;Blue;Lose;Syrinx;Midlane;Gord;Mathilda;Flicker;Falcons Vega MENA;Galaxy Phoenix;0 - 2;1;4;7;18:00;Dangerous Grass;UB Semifinals
15/07/2026;Blue;Lose;Names;Goldlane;Moskov;Ling;Purify;Falcons Vega MENA;Galaxy Phoenix;0 - 2;5;4;3;18:00;Dangerous Grass;UB Semifinals
15/07/2026;Blue;Lose;Nucci;Roam;Hylos;Zhuxin;Revitalize;Falcons Vega MENA;Galaxy Phoenix;0 - 2;1;7;7;18:00;Dangerous Grass;UB Semifinals
15/07/2026;Red;Lose;Ayanami;Explane;Masha;Marcel;Flicker;Natus Vincere;Falcon Daisies;0 - 1;2;3;5;15:58;Broken Walls;LB Quarterfinals
15/07/2026;Red;Lose;Keishi;Jungler;Akai;Freya;Retribution;Natus Vincere;Falcon Daisies;0 - 1;1;4;4;15:58;Broken Walls;LB Quarterfinals
15/07/2026;Red;Lose;Rain;Midlane;Kimmy;Belerick;Purify;Natus Vincere;Falcon Daisies;0 - 1;4;1;4;15:58;Broken Walls;LB Quarterfinals
15/07/2026;Red;Lose;Rianne;Goldlane;Karrie;Granger;Purify;Natus Vincere;Falcon Daisies;0 - 1;2;1;6;15:58;Broken Walls;LB Quarterfinals
15/07/2026;Red;Lose;Meraaay;Roam;Chip;Barats;Flicker;Natus Vincere;Falcon Daisies;0 - 1;0;6;7;15:58;Broken Walls;LB Quarterfinals
15/07/2026;Blue;Win;Ayra;Explane;Esmeralda;Paquito;Flicker;Falcon Daisies;Natus Vincere;1 - 0;3;1;8;15:58;Broken Walls;LB Quarterfinals
15/07/2026;Blue;Win;Starsoyy;Jungler;Suyou;Phoveus;Retribution;Falcon Daisies;Natus Vincere;1 - 0;7;0;5;15:58;Broken Walls;LB Quarterfinals
15/07/2026;Blue;Win;Aphoo;Midlane;Gord;Baxia;Flicker;Falcon Daisies;Natus Vincere;1 - 0;2;3;10;15:58;Broken Walls;LB Quarterfinals
15/07/2026;Blue;Win;Kiko;Goldlane;Claude;Mathilda;Flicker;Falcon Daisies;Natus Vincere;1 - 0;1;2;9;15:58;Broken Walls;LB Quarterfinals
15/07/2026;Blue;Win;Jayyy;Roam;Atlas;Yu Zhong;Flicker;Falcon Daisies;Natus Vincere;1 - 0;2;3;11;15:58;Broken Walls;LB Quarterfinals
15/07/2026;Blue;Win;Ayanami;Explane;Benedetta;Akai;Petrify;Natus Vincere;Falcon Daisies;1 - 1;8;5;7;27:53;Flying Clouds;LB Quarterfinals
15/07/2026;Blue;Win;Keishi;Jungler;Baxia;Phoveus;Retribution;Natus Vincere;Falcon Daisies;1 - 1;0;0;18;27:53;Flying Clouds;LB Quarterfinals
15/07/2026;Blue;Win;Rain;Midlane;Lylia;Esmeralda;Purify;Natus Vincere;Falcon Daisies;1 - 1;5;1;18;27:53;Flying Clouds;LB Quarterfinals
15/07/2026;Blue;Win;Rianne;Goldlane;Harith;Ling;Purify;Natus Vincere;Falcon Daisies;1 - 1;9;1;10;27:53;Flying Clouds;LB Quarterfinals
15/07/2026;Blue;Win;Meraaay;Roam;Belerick;Miya;Revitalize;Natus Vincere;Falcon Daisies;1 - 1;2;3;14;27:53;Flying Clouds;LB Quarterfinals
15/07/2026;Red;Lose;Ayra;Explane;Uranus;Marcel;Flicker;Falcon Daisies;Natus Vincere;1 - 1;1;7;5;27:53;Flying Clouds;LB Quarterfinals
15/07/2026;Red;Lose;Starsoyy;Jungler;Suyou;Paquito;Retribution;Falcon Daisies;Natus Vincere;1 - 1;1;4;4;27:53;Flying Clouds;LB Quarterfinals
15/07/2026;Red;Lose;Aphoo;Midlane;Gord;Freya;Flicker;Falcon Daisies;Natus Vincere;1 - 1;3;2;5;27:53;Flying Clouds;LB Quarterfinals
15/07/2026;Red;Lose;Kiko;Goldlane;Claude;Karrie;Flicker;Falcon Daisies;Natus Vincere;1 - 1;5;2;2;27:53;Flying Clouds;LB Quarterfinals
15/07/2026;Red;Lose;Jayyy;Roam;Atlas;Moskov;Flicker;Falcon Daisies;Natus Vincere;1 - 1;0;9;6;27:53;Flying Clouds;LB Quarterfinals
15/07/2026;Red;Win;Ayanami;Explane;Cici;Freya;Vengeance;Natus Vincere;Falcon Daisies;2 - 1;4;0;10;22:40;Dangerous Grass;LB Quarterfinals
15/07/2026;Red;Win;Keishi;Jungler;Balmond;Marcel;Retribution;Natus Vincere;Falcon Daisies;2 - 1;4;1;7;22:40;Dangerous Grass;LB Quarterfinals
15/07/2026;Red;Win;Rain;Midlane;Valentina;Belerick;Flicker;Natus Vincere;Falcon Daisies;2 - 1;4;2;10;22:40;Dangerous Grass;LB Quarterfinals
15/07/2026;Red;Win;Rianne;Goldlane;Moskov;Hanabi;Flicker;Natus Vincere;Falcon Daisies;2 - 1;3;1;8;22:40;Dangerous Grass;LB Quarterfinals
15/07/2026;Red;Win;Meraaay;Roam;Atlas;Miya;Flicker;Natus Vincere;Falcon Daisies;2 - 1;0;1;12;22:40;Dangerous Grass;LB Quarterfinals
15/07/2026;Blue;Lose;Ayra;Explane;Esmeralda;Paquito;Purify;Falcon Daisies;Natus Vincere;1 - 2;0;4;2;22:40;Dangerous Grass;LB Quarterfinals
15/07/2026;Blue;Lose;Starsoyy;Jungler;Ling;Baxia;Retribution;Falcon Daisies;Natus Vincere;1 - 2;1;2;2;22:40;Dangerous Grass;LB Quarterfinals
15/07/2026;Blue;Lose;Aphoo;Midlane;Kimmy;Akai;Purify;Falcon Daisies;Natus Vincere;1 - 2;4;1;1;22:40;Dangerous Grass;LB Quarterfinals
15/07/2026;Blue;Lose;Kiko;Goldlane;Claude;Harith;Purify;Falcon Daisies;Natus Vincere;1 - 2;0;2;4;22:40;Dangerous Grass;LB Quarterfinals
15/07/2026;Blue;Lose;Jayyy;Roam;Hylos;Karrie;Revitalize;Falcon Daisies;Natus Vincere;1 - 2;0;6;4;22:40;Dangerous Grass;LB Quarterfinals
15/07/2026;Blue;Win;Unohana;Explane;Benedetta;Atlas;Petrify;FUT Esports FE;MIBR.LOS;1 - 0;3;4;3;16:07;Dangerous Grass;LB Quarterfinals
15/07/2026;Blue;Win;Kujou;Jungler;Baxia;Phoveus;Retribution;FUT Esports FE;MIBR.LOS;1 - 0;4;3;7;16:07;Dangerous Grass;LB Quarterfinals
15/07/2026;Blue;Win;Zendaya;Midlane;Selena;Freya;Flicker;FUT Esports FE;MIBR.LOS;1 - 0;1;1;9;16:07;Dangerous Grass;LB Quarterfinals
15/07/2026;Blue;Win;Mieko;Goldlane;Hanabi;Grock;Aegis;FUT Esports FE;MIBR.LOS;1 - 0;5;3;5;16:07;Dangerous Grass;LB Quarterfinals
15/07/2026;Blue;Win;Nora;Roam;Gatot Kaca;Lylia;Revitalize;FUT Esports FE;MIBR.LOS;1 - 0;2;4;8;16:07;Dangerous Grass;LB Quarterfinals
15/07/2026;Red;Lose;Mikiari;Explane;Lapu lapu;Marcel;Flicker;MIBR.LOS;FUT Esports FE;0 - 1;1;3;3;16:07;Dangerous Grass;LB Quarterfinals
15/07/2026;Red;Lose;Haiob;Jungler;Guinevere;Hirara;Retribution;MIBR.LOS;FUT Esports FE;0 - 1;6;2;7;16:07;Dangerous Grass;LB Quarterfinals
15/07/2026;Red;Lose;Lalaland;Midlane;Cecilion;Fanny;Purify;MIBR.LOS;FUT Esports FE;0 - 1;4;1;9;16:07;Dangerous Grass;LB Quarterfinals
15/07/2026;Red;Lose;Pandinha;Goldlane;Karrie;Esmeralda;Flicker;MIBR.LOS;FUT Esports FE;0 - 1;4;5;5;16:07;Dangerous Grass;LB Quarterfinals
15/07/2026;Red;Lose;Rayy;Roam;Gloo;Minotaur;Flicker;MIBR.LOS;FUT Esports FE;0 - 1;0;4;10;16:07;Dangerous Grass;LB Quarterfinals
15/07/2026;Blue;Win;Unohana;Explane;Esmeralda;Atlas;Flicker;FUT Esports FE;MIBR.LOS;2 - 0;3;7;6;22:32;Expanding Rivers;LB Quarterfinals
15/07/2026;Blue;Win;Kujou;Jungler;Fanny;Phoveus;Retribution;FUT Esports FE;MIBR.LOS;2 - 0;2;3;2;22:32;Expanding Rivers;LB Quarterfinals
15/07/2026;Blue;Win;Zendaya;Midlane;Valir;Freya;Flicker;FUT Esports FE;MIBR.LOS;2 - 0;2;2;6;22:32;Expanding Rivers;LB Quarterfinals
15/07/2026;Blue;Win;Mieko;Goldlane;Moskov;Kimmy;Flicker;FUT Esports FE;MIBR.LOS;2 - 0;6;3;4;22:32;Expanding Rivers;LB Quarterfinals
15/07/2026;Blue;Win;Nora;Roam;Gatot Kaca;Uranus;Revitalize;FUT Esports FE;MIBR.LOS;2 - 0;0;5;8;22:32;Expanding Rivers;LB Quarterfinals
15/07/2026;Red;Lose;Mikiari;Explane;Alice;Hanabi;Flicker;MIBR.LOS;FUT Esports FE;0 - 2;2;1;2;22:32;Expanding Rivers;LB Quarterfinals
15/07/2026;Red;Lose;Haiob;Jungler;Hirara;Selena;Retribution;MIBR.LOS;FUT Esports FE;0 - 2;7;3;7;22:32;Expanding Rivers;LB Quarterfinals
15/07/2026;Red;Lose;Lalaland;Midlane;Zhuxin;Marcel;Flicker;MIBR.LOS;FUT Esports FE;0 - 2;2;2;15;22:32;Expanding Rivers;LB Quarterfinals
15/07/2026;Red;Lose;Pandinha;Goldlane;Lunox;Lylia;Flicker;MIBR.LOS;FUT Esports FE;0 - 2;9;3;5;22:32;Expanding Rivers;LB Quarterfinals
15/07/2026;Red;Lose;Rayy;Roam;Grock;Belerick;Flicker;MIBR.LOS;FUT Esports FE;0 - 2;0;4;11;22:32;Expanding Rivers;LB Quarterfinals
16/07/2026;Red;Win;Nocturne;Explane;Sora;Marcel;Flicker;Falcons Vega MENA;FUT Esports FE;1 - 0;4;2;13;19:22;Flying Clouds;LB Semifinals
16/07/2026;Red;Win;Nana;Jungler;Carmilla;Mathilda;Retribution;Falcons Vega MENA;FUT Esports FE;1 - 0;2;4;19;19:22;Flying Clouds;LB Semifinals
16/07/2026;Red;Win;Syrinx;Midlane;Yve;Paquito;Flicker;Falcons Vega MENA;FUT Esports FE;1 - 0;7;1;9;19:22;Flying Clouds;LB Semifinals
16/07/2026;Red;Win;Names;Goldlane;Moskov;Gord;Flicker;Falcons Vega MENA;FUT Esports FE;1 - 0;10;2;9;19:22;Flying Clouds;LB Semifinals
16/07/2026;Red;Win;Nucci;Roam;Belerick;Selena;Revitalize;Falcons Vega MENA;FUT Esports FE;1 - 0;3;4;19;19:22;Flying Clouds;LB Semifinals
16/07/2026;Blue;Lose;Mikiari;Explane;Benedetta;Esmeralda;Petrify;FUT Esports FE;Falcons Vega MENA;0 - 1;2;7;5;19:22;Flying Clouds;LB Semifinals
16/07/2026;Blue;Lose;Haiob;Jungler;Baxia;Phoveus;Retribution;FUT Esports FE;Falcons Vega MENA;0 - 1;4;5;7;19:22;Flying Clouds;LB Semifinals
16/07/2026;Blue;Lose;Lalaland;Midlane;Valentina;Hirara;Flicker;FUT Esports FE;Falcons Vega MENA;0 - 1;2;5;9;19:22;Flying Clouds;LB Semifinals
16/07/2026;Blue;Lose;Pandinha;Goldlane;Hanabi;Yu Zhong;Aegis;FUT Esports FE;Falcons Vega MENA;0 - 1;5;2;7;19:22;Flying Clouds;LB Semifinals
16/07/2026;Blue;Lose;Rayy;Roam;Helcurt;Freya;Petrify;FUT Esports FE;Falcons Vega MENA;0 - 1;0;7;7;19:22;Flying Clouds;LB Semifinals
16/07/2026;Red;Win;Nocturne;Explane;Yu Zhong;Marcel;Petrify;Falcons Vega MENA;FUT Esports FE;2 - 0;1;2;4;15:41;Expanding Rivers;LB Semifinals
16/07/2026;Red;Win;Nana;Jungler;Carmilla;Mathilda;Retribution;Falcons Vega MENA;FUT Esports FE;2 - 0;2;1;6;15:41;Expanding Rivers;LB Semifinals
16/07/2026;Red;Win;Syrinx;Midlane;Gord;Paquito;Flicker;Falcons Vega MENA;FUT Esports FE;2 - 0;1;4;7;15:41;Expanding Rivers;LB Semifinals
16/07/2026;Red;Win;Names;Goldlane;Karrie;Hanabi;Flicker;Falcons Vega MENA;FUT Esports FE;2 - 0;5;2;2;15:41;Expanding Rivers;LB Semifinals
16/07/2026;Red;Win;Nucci;Roam;Belerick;Fanny;Revitalize;Falcons Vega MENA;FUT Esports FE;2 - 0;2;1;6;15:41;Expanding Rivers;LB Semifinals
16/07/2026;Blue;Lose;Mikiari;Explane;Alice;Esmeralda;Flicker;FUT Esports FE;Falcons Vega MENA;0 - 2;2;4;4;15:41;Expanding Rivers;LB Semifinals
16/07/2026;Blue;Lose;Haiob;Jungler;Joy;Atlas;Retribution;FUT Esports FE;Falcons Vega MENA;0 - 2;3;4;0;15:41;Expanding Rivers;LB Semifinals
16/07/2026;Blue;Lose;Lalaland;Midlane;Selena;Hirara;Flicker;FUT Esports FE;Falcons Vega MENA;0 - 2;3;0;2;15:41;Expanding Rivers;LB Semifinals
16/07/2026;Blue;Lose;Pandinha;Goldlane;Claude;Yve;Purify;FUT Esports FE;Falcons Vega MENA;0 - 2;2;1;6;15:41;Expanding Rivers;LB Semifinals
16/07/2026;Blue;Lose;Rayy;Roam;Gloo;Moskov;Flicker;FUT Esports FE;Falcons Vega MENA;0 - 2;0;2;5;15:41;Expanding Rivers;LB Semifinals
16/07/2026;Blue;Lose;Aria;Explane;Belerick;Paquito;Flicker;Gen.G Esports;Natus Vincere;0 - 1;0;5;3;13:43;Dangerous Grass;LB Semifinals
16/07/2026;Blue;Lose;Ruii;Jungler;Ling;Phoveus;Retribution;Gen.G Esports;Natus Vincere;0 - 1;0;2;3;13:43;Dangerous Grass;LB Semifinals
16/07/2026;Blue;Lose;Sayori;Midlane;Lylia;Atlas;Flicker;Gen.G Esports;Natus Vincere;0 - 1;2;2;1;13:43;Dangerous Grass;LB Semifinals
16/07/2026;Blue;Lose;Panda;Goldlane;Karrie;Mathilda;Flicker;Gen.G Esports;Natus Vincere;0 - 1;3;2;2;13:43;Dangerous Grass;LB Semifinals
16/07/2026;Blue;Lose;Ashlay;Roam;Guinevere;Rafaela;Flicker;Gen.G Esports;Natus Vincere;0 - 1;0;6;2;13:43;Dangerous Grass;LB Semifinals
16/07/2026;Red;Win;Ayanami;Explane;Freya;Marcel;Vengeance;Natus Vincere;Gen.G Esports;1 - 0;6;2;9;13:43;Dangerous Grass;LB Semifinals
16/07/2026;Red;Win;Keishi;Jungler;Baxia;Hirara;Retribution;Natus Vincere;Gen.G Esports;1 - 0;2;1;9;13:43;Dangerous Grass;LB Semifinals
16/07/2026;Red;Win;Rain;Midlane;Yve;Esmeralda;Flicker;Natus Vincere;Gen.G Esports;1 - 0;0;0;12;13:43;Dangerous Grass;LB Semifinals
16/07/2026;Red;Win;Rianne;Goldlane;Granger;Akai;Purify;Natus Vincere;Gen.G Esports;1 - 0;8;0;5;13:43;Dangerous Grass;LB Semifinals
16/07/2026;Red;Win;Meraaay;Roam;Chip;Sora;Flicker;Natus Vincere;Gen.G Esports;1 - 0;1;2;12;13:43;Dangerous Grass;LB Semifinals
16/07/2026;Blue;Lose;Aria;Explane;Uranus;Phoveus;Purify;Gen.G Esports;Natus Vincere;0 - 2;0;3;1;13:55;Dangerous Grass;LB Semifinals
16/07/2026;Blue;Lose;Ruii;Jungler;Suyou;Freya;Retribution;Gen.G Esports;Natus Vincere;0 - 2;1;1;0;13:55;Dangerous Grass;LB Semifinals
16/07/2026;Blue;Lose;Sayori;Midlane;Valentina;Paquito;Flicker;Gen.G Esports;Natus Vincere;0 - 2;1;2;0;13:55;Dangerous Grass;LB Semifinals
16/07/2026;Blue;Lose;Panda;Goldlane;Harith;Yve;Purify;Gen.G Esports;Natus Vincere;0 - 2;0;2;2;13:55;Dangerous Grass;LB Semifinals
16/07/2026;Blue;Lose;Ashlay;Roam;Minotaur;Benedetta;Flicker;Gen.G Esports;Natus Vincere;0 - 2;0;4;1;13:55;Dangerous Grass;LB Semifinals
16/07/2026;Red;Win;Ayanami;Explane;Alice;Marcel;Flicker;Natus Vincere;Gen.G Esports;2 - 0;3;1;7;13:55;Dangerous Grass;LB Semifinals
16/07/2026;Red;Win;Keishi;Jungler;Baxia;Hirara;Retribution;Natus Vincere;Gen.G Esports;2 - 0;3;0;8;13:55;Dangerous Grass;LB Semifinals
16/07/2026;Red;Win;Rain;Midlane;Zhuxin;Esmeralda;Flicker;Natus Vincere;Gen.G Esports;2 - 0;2;0;8;13:55;Dangerous Grass;LB Semifinals
16/07/2026;Red;Win;Rianne;Goldlane;Claude;Karrie;Flicker;Natus Vincere;Gen.G Esports;2 - 0;1;0;7;13:55;Dangerous Grass;LB Semifinals
16/07/2026;Red;Win;Meraaay;Roam;Gloo;Bruno;Flicker;Natus Vincere;Gen.G Esports;2 - 0;3;1;7;13:55;Dangerous Grass;LB Semifinals
16/07/2026;Red;Win;Lingg;Explane;Sora;Karrie;Flicker;Galaxy Phoenix;SAETA;1 - 0;10;1;2;14:44;Flying Clouds;Quarterfinals
16/07/2026;Red;Win;Fahh;Jungler;Baxia;Valir;Retribution;Galaxy Phoenix;SAETA;1 - 0;4;1;5;14:44;Flying Clouds;Quarterfinals
16/07/2026;Red;Win;Sofia;Midlane;Gord;Yve;Flicker;Galaxy Phoenix;SAETA;1 - 0;2;0;13;14:44;Flying Clouds;Quarterfinals
16/07/2026;Red;Win;Winnie;Goldlane;Claude;Carmilla;Purify;Galaxy Phoenix;SAETA;1 - 0;2;1;7;14:44;Flying Clouds;Quarterfinals
16/07/2026;Red;Win;Lemaa;Roam;Belerick;Gatot Kaca;Flicker;Galaxy Phoenix;SAETA;1 - 0;0;0;13;14:44;Flying Clouds;Quarterfinals
16/07/2026;Blue;Lose;Jessica66;Explane;Esmeralda;Marcel;Purify;SAETA;Galaxy Phoenix;0 - 1;0;4;0;14:44;Flying Clouds;Quarterfinals
16/07/2026;Blue;Lose;Zhou;Jungler;Hirara;Guinevere;Retribution;SAETA;Galaxy Phoenix;0 - 1;3;5;0;14:44;Flying Clouds;Quarterfinals
16/07/2026;Blue;Lose;Namei;Midlane;Lylia;Valentina;Purify;SAETA;Galaxy Phoenix;0 - 1;0;3;3;14:44;Flying Clouds;Quarterfinals
16/07/2026;Blue;Lose;Gaigai;Goldlane;Bruno;Pharsa;Purify;SAETA;Galaxy Phoenix;0 - 1;0;1;1;14:44;Flying Clouds;Quarterfinals
16/07/2026;Blue;Lose;FanHua;Roam;Tigreal;Selena;Flicker;SAETA;Galaxy Phoenix;0 - 1;0;5;2;14:44;Flying Clouds;Quarterfinals
16/07/2026;Blue;Lose;Lingg;Explane;Phoveus;Karrie;Flicker;Galaxy Phoenix;SAETA;1 - 1;1;8;7;21:40;Flying Clouds;Quarterfinals
16/07/2026;Blue;Lose;Fahh;Jungler;Yi Sunshin;Esmeralda;Retribution;Galaxy Phoenix;SAETA;1 - 1;4;1;4;21:40;Flying Clouds;Quarterfinals
16/07/2026;Blue;Lose;Sofia;Midlane;Zhuxin;Paquito;Flicker;Galaxy Phoenix;SAETA;1 - 1;4;2;5;21:40;Flying Clouds;Quarterfinals
16/07/2026;Blue;Lose;Winnie;Goldlane;Claude;Akai;Flicker;Galaxy Phoenix;SAETA;1 - 1;3;3;3;21:40;Flying Clouds;Quarterfinals
16/07/2026;Blue;Lose;Lemaa;Roam;Belerick;Moskov;Flicker;Galaxy Phoenix;SAETA;1 - 1;0;6;7;21:40;Flying Clouds;Quarterfinals
16/07/2026;Red;Win;Jessica66;Explane;Sora;Marcel;Flicker;SAETA;Galaxy Phoenix;1 - 1;1;3;8;21:40;Flying Clouds;Quarterfinals
16/07/2026;Red;Win;Zhou;Jungler;X Borg;Guinevere;Retribution;SAETA;Galaxy Phoenix;1 - 1;2;1;8;21:40;Flying Clouds;Quarterfinals
16/07/2026;Red;Win;Namei;Midlane;Cecilion;Hirara;Flicker;SAETA;Galaxy Phoenix;1 - 1;6;3;11;21:40;Flying Clouds;Quarterfinals
16/07/2026;Red;Win;Gaigai;Goldlane;Bruno;Baxia;Purify;SAETA;Galaxy Phoenix;1 - 1;11;0;3;21:40;Flying Clouds;Quarterfinals
16/07/2026;Red;Win;FanHua;Roam;Carmilla;Valentina;Revitalize;SAETA;Galaxy Phoenix;1 - 1;0;5;18;21:40;Flying Clouds;Quarterfinals
16/07/2026;Red;Win;Lingg;Explane;Sora;Karrie;Flicker;Galaxy Phoenix;SAETA;2 - 1;6;2;8;13:59;Flying Clouds;Quarterfinals
16/07/2026;Red;Win;Fahh;Jungler;Ling;Carmilla;Retribution;Galaxy Phoenix;SAETA;2 - 1;8;2;7;13:59;Flying Clouds;Quarterfinals
16/07/2026;Red;Win;Sofia;Midlane;Pharsa;Valir;Flicker;Galaxy Phoenix;SAETA;2 - 1;2;0;15;13:59;Flying Clouds;Quarterfinals
16/07/2026;Red;Win;Winnie;Goldlane;Harith;Phoveus;Purify;Galaxy Phoenix;SAETA;2 - 1;2;1;5;13:59;Flying Clouds;Quarterfinals
16/07/2026;Red;Win;Lemaa;Roam;Belerick;Alice;Flicker;Galaxy Phoenix;SAETA;2 - 1;1;0;17;13:59;Flying Clouds;Quarterfinals
16/07/2026;Blue;Lose;Jessica66;Explane;Benedetta;Guinevere;Petrify;SAETA;Galaxy Phoenix;1 - 2;2;1;1;13:59;Flying Clouds;Quarterfinals
16/07/2026;Blue;Lose;Zhou;Jungler;Baxia;Marcel;Retribution;SAETA;Galaxy Phoenix;1 - 2;0;6;2;13:59;Flying Clouds;Quarterfinals
16/07/2026;Blue;Lose;Namei;Midlane;Yve;Hirara;Flicker;SAETA;Galaxy Phoenix;1 - 2;0;4;3;13:59;Flying Clouds;Quarterfinals
16/07/2026;Blue;Lose;Gaigai;Goldlane;Claude;Bruno;Purify;SAETA;Galaxy Phoenix;1 - 2;1;2;1;13:59;Flying Clouds;Quarterfinals
16/07/2026;Blue;Lose;FanHua;Roam;Hylos;Gord;Revitalize;SAETA;Galaxy Phoenix;1 - 2;2;6;1;13:59;Flying Clouds;Quarterfinals
16/07/2026;Red;Win;Fumi;Explane;Paquito;Marcel;Flicker;Team Vitality;Falcons Vega;1 - 0;6;3;4;25:28;Flying Clouds;Quarterfinals
16/07/2026;Red;Win;Vival;Jungler;Akai;Hirara;Retribution;Team Vitality;Falcons Vega;1 - 0;1;1;9;25:28;Flying Clouds;Quarterfinals
16/07/2026;Red;Win;Cinny;Midlane;Kimmy;Yve;Flicker;Team Vitality;Falcons Vega;1 - 0;4;6;4;25:28;Flying Clouds;Quarterfinals
16/07/2026;Red;Win;Chell;Goldlane;Harith;Baxia;Purify;Team Vitality;Falcons Vega;1 - 0;2;2;6;25:28;Flying Clouds;Quarterfinals
16/07/2026;Red;Win;Vivian;Roam;Belerick;Barats;Flicker;Team Vitality;Falcons Vega;1 - 0;1;4;8;25:28;Flying Clouds;Quarterfinals
16/07/2026;Blue;Lose;Violet;Explane;Sora;Guinevere;Flicker;Falcons Vega;Team Vitality;0 - 1;1;5;7;25:28;Flying Clouds;Quarterfinals
16/07/2026;Blue;Lose;Xev;Jungler;Nolan;Atlas;Retribution;Falcons Vega;Team Vitality;0 - 1;3;2;4;25:28;Flying Clouds;Quarterfinals
16/07/2026;Blue;Lose;Livii;Midlane;Zhuxin;Freya;Purify;Falcons Vega;Team Vitality;0 - 1;2;3;10;25:28;Flying Clouds;Quarterfinals
16/07/2026;Blue;Lose;Liv;Goldlane;Karrie;Mathilda;Purify;Falcons Vega;Team Vitality;0 - 1;7;1;2;25:28;Flying Clouds;Quarterfinals
16/07/2026;Blue;Lose;Remund;Roam;Gatot Kaca;Claude;Revitalize;Falcons Vega;Team Vitality;0 - 1;3;3;9;25:28;Flying Clouds;Quarterfinals
16/07/2026;Blue;Lose;Fumi;Explane;Esmeralda;Karrie;Sprint;Team Vitality;Falcons Vega;1 - 1;0;3;3;22:32;Dangerous Grass;Quarterfinals
16/07/2026;Blue;Lose;Vival;Jungler;Balmond;Yve;Retribution;Team Vitality;Falcons Vega;1 - 1;3;4;4;22:32;Dangerous Grass;Quarterfinals
16/07/2026;Blue;Lose;Cinny;Midlane;Valentina;Sora;Purify;Team Vitality;Falcons Vega;1 - 1;3;5;3;22:32;Dangerous Grass;Quarterfinals
16/07/2026;Blue;Lose;Chell;Goldlane;Claude;Arlott;Purify;Team Vitality;Falcons Vega;1 - 1;1;4;4;22:32;Dangerous Grass;Quarterfinals
16/07/2026;Blue;Lose;Vivian;Roam;Akai;Paquito;Flicker;Team Vitality;Falcons Vega;1 - 1;2;3;3;22:32;Dangerous Grass;Quarterfinals
16/07/2026;Red;Win;Violet;Explane;Cici;Hirara;Vengeance;Falcons Vega;Team Vitality;1 - 1;7;1;7;22:32;Dangerous Grass;Quarterfinals
16/07/2026;Red;Win;Xev;Jungler;Baxia;Guinevere;Retribution;Falcons Vega;Team Vitality;1 - 1;2;2;16;22:32;Dangerous Grass;Quarterfinals
16/07/2026;Red;Win;Livii;Midlane;Gord;Freya;Flicker;Falcons Vega;Team Vitality;1 - 1;6;1;8;22:32;Dangerous Grass;Quarterfinals
16/07/2026;Red;Win;Liv;Goldlane;Moskov;Mathilda;Flicker;Falcons Vega;Team Vitality;1 - 1;4;1;8;22:32;Dangerous Grass;Quarterfinals
16/07/2026;Red;Win;Remund;Roam;Atlas;Belerick;Flicker;Falcons Vega;Team Vitality;1 - 1;0;4;14;22:32;Dangerous Grass;Quarterfinals
16/07/2026;Red;Win;Fumi;Explane;Arlott;Hirara;Flicker;Team Vitality;Falcons Vega;2 - 1;4;1;7;13:51;Flying Clouds;Quarterfinals
16/07/2026;Red;Win;Vival;Jungler;Akai;Yve;Retribution;Team Vitality;Falcons Vega;2 - 1;2;1;7;13:51;Flying Clouds;Quarterfinals
16/07/2026;Red;Win;Cinny;Midlane;Lylia;Karrie;Sprint;Team Vitality;Falcons Vega;2 - 1;5;0;7;13:51;Flying Clouds;Quarterfinals
16/07/2026;Red;Win;Chell;Goldlane;Claude;Baxia;Purify;Team Vitality;Falcons Vega;2 - 1;0;0;6;13:51;Flying Clouds;Quarterfinals
16/07/2026;Red;Win;Vivian;Roam;Chou;Gatot Kaca;Flicker;Team Vitality;Falcons Vega;2 - 1;3;1;5;13:51;Flying Clouds;Quarterfinals
16/07/2026;Blue;Lose;Violet;Explane;Sora;Guinevere;Flicker;Falcons Vega;Team Vitality;1 - 2;1;3;1;13:51;Flying Clouds;Quarterfinals
16/07/2026;Blue;Lose;Xev;Jungler;Harley;Atlas;Retribution;Falcons Vega;Team Vitality;1 - 2;0;5;2;13:51;Flying Clouds;Quarterfinals
16/07/2026;Blue;Lose;Livii;Midlane;Zhuxin;Freya;Purify;Falcons Vega;Team Vitality;1 - 2;2;2;1;13:51;Flying Clouds;Quarterfinals
16/07/2026;Blue;Lose;Liv;Goldlane;Moskov;Mathilda;Purify;Falcons Vega;Team Vitality;1 - 2;0;1;0;13:51;Flying Clouds;Quarterfinals
16/07/2026;Blue;Lose;Remund;Roam;Hilda;Belerick;Flicker;Falcons Vega;Team Vitality;1 - 2;0;3;1;13:51;Flying Clouds;Quarterfinals
17/07/2026;Blue;Lose;Lyubon;Explane;Terizla;Belerick;Flicker;Geltek Cyber Team;Falcons Vega MENA;0 - 1;0;3;1;11:37;Dangerous Grass;Quarterfinals
17/07/2026;Blue;Lose;Kioway;Jungler;Hirara;Fanny;Retribution;Geltek Cyber Team;Falcons Vega MENA;0 - 1;1;3;0;11:37;Dangerous Grass;Quarterfinals
17/07/2026;Blue;Lose;Sonjjqkke;Midlane;Zhuxin;Yu Zhong;Flicker;Geltek Cyber Team;Falcons Vega MENA;0 - 1;0;1;1;11:37;Dangerous Grass;Quarterfinals
17/07/2026;Blue;Lose;Tokio;Goldlane;Claude;Hylos;Purify;Geltek Cyber Team;Falcons Vega MENA;0 - 1;0;1;0;11:37;Dangerous Grass;Quarterfinals
17/07/2026;Blue;Lose;KUWEJO;Roam;Chou;Hilda;Flicker;Geltek Cyber Team;Falcons Vega MENA;0 - 1;0;4;1;11:37;Dangerous Grass;Quarterfinals
17/07/2026;Red;Win;Nocturne;Explane;Sora;Marcel;Flicker;Falcons Vega MENA;Geltek Cyber Team;1 - 0;0;0;6;11:37;Dangerous Grass;Quarterfinals
17/07/2026;Red;Win;Nana;Jungler;Alice;Mathilda;Retribution;Falcons Vega MENA;Geltek Cyber Team;1 - 0;3;0;4;11:37;Dangerous Grass;Quarterfinals
17/07/2026;Red;Win;Syrinx;Midlane;Gord;Paquito;Flicker;Falcons Vega MENA;Geltek Cyber Team;1 - 0;1;0;10;11:37;Dangerous Grass;Quarterfinals
17/07/2026;Red;Win;Names;Goldlane;Moskov;Valentina;Purify;Falcons Vega MENA;Geltek Cyber Team;1 - 0;7;0;2;11:37;Dangerous Grass;Quarterfinals
17/07/2026;Red;Win;Nucci;Roam;Carmilla;Lylia;Revitalize;Falcons Vega MENA;Geltek Cyber Team;1 - 0;1;1;10;11:37;Dangerous Grass;Quarterfinals
17/07/2026;Blue;Win;Lyubon;Explane;Phoveus;Gord;Flicker;Geltek Cyber Team;Falcons Vega MENA;1 - 1;0;4;13;22:54;Flying Clouds;Quarterfinals
17/07/2026;Blue;Win;Kioway;Jungler;Baxia;Belerick;Retribution;Geltek Cyber Team;Falcons Vega MENA;1 - 1;2;1;12;22:54;Flying Clouds;Quarterfinals
17/07/2026;Blue;Win;Sonjjqkke;Midlane;Lylia;Carmilla;Purify;Geltek Cyber Team;Falcons Vega MENA;1 - 1;6;0;12;22:54;Flying Clouds;Quarterfinals
17/07/2026;Blue;Win;Tokio;Goldlane;Karrie;Yu Zhong;Flicker;Geltek Cyber Team;Falcons Vega MENA;1 - 1;10;1;7;22:54;Flying Clouds;Quarterfinals
17/07/2026;Blue;Win;KUWEJO;Roam;Kaja;Sora;Flicker;Geltek Cyber Team;Falcons Vega MENA;1 - 1;0;4;12;22:54;Flying Clouds;Quarterfinals
17/07/2026;Red;Lose;Nocturne;Explane;Lapu lapu;Marcel;Flicker;Falcons Vega MENA;Geltek Cyber Team;1 - 1;2;5;6;22:54;Flying Clouds;Quarterfinals
17/07/2026;Red;Lose;Nana;Jungler;Fanny;Mathilda;Retribution;Falcons Vega MENA;Geltek Cyber Team;1 - 1;3;2;5;22:54;Flying Clouds;Quarterfinals
17/07/2026;Red;Lose;Syrinx;Midlane;Vexana;Paquito;Flicker;Falcons Vega MENA;Geltek Cyber Team;1 - 1;3;1;6;22:54;Flying Clouds;Quarterfinals
17/07/2026;Red;Lose;Names;Goldlane;Moskov;Ruby;Flicker;Falcons Vega MENA;Geltek Cyber Team;1 - 1;2;1;4;22:54;Flying Clouds;Quarterfinals
17/07/2026;Red;Lose;Nucci;Roam;Hylos;Hilda;Revitalize;Falcons Vega MENA;Geltek Cyber Team;1 - 1;0;9;9;22:54;Flying Clouds;Quarterfinals
17/07/2026;Red;Win;Lyubon;Explane;Esmeralda;Belerick;Flicker;Geltek Cyber Team;Falcons Vega MENA;2 - 1;2;0;6;13:05;Expanding Rivers;Quarterfinals
17/07/2026;Red;Win;Kioway;Jungler;Aulus;Carmilla;Retribution;Geltek Cyber Team;Falcons Vega MENA;2 - 1;6;1;6;13:05;Expanding Rivers;Quarterfinals
17/07/2026;Red;Win;Sonjjqkke;Midlane;Valentina;Gord;Flicker;Geltek Cyber Team;Falcons Vega MENA;2 - 1;3;2;12;13:05;Expanding Rivers;Quarterfinals
17/07/2026;Red;Win;Tokio;Goldlane;Karrie;Alice;Flicker;Geltek Cyber Team;Falcons Vega MENA;2 - 1;5;1;6;13:05;Expanding Rivers;Quarterfinals
17/07/2026;Red;Win;KUWEJO;Roam;Atlas;Fanny;Flicker;Geltek Cyber Team;Falcons Vega MENA;2 - 1;1;3;13;13:05;Expanding Rivers;Quarterfinals
17/07/2026;Blue;Lose;Nocturne;Explane;Sora;Paquito;Flicker;Falcons Vega MENA;Geltek Cyber Team;1 - 2;1;4;3;13:05;Expanding Rivers;Quarterfinals
17/07/2026;Blue;Lose;Nana;Jungler;Yi Sunshin;Mathilda;Retribution;Falcons Vega MENA;Geltek Cyber Team;1 - 2;4;2;3;13:05;Expanding Rivers;Quarterfinals
17/07/2026;Blue;Lose;Syrinx;Midlane;Lylia;Marcel;Purify;Falcons Vega MENA;Geltek Cyber Team;1 - 2;1;4;4;13:05;Expanding Rivers;Quarterfinals
17/07/2026;Blue;Lose;Names;Goldlane;Moskov;Guinevere;Purify;Falcons Vega MENA;Geltek Cyber Team;1 - 2;0;3;2;13:05;Expanding Rivers;Quarterfinals
17/07/2026;Blue;Lose;Nucci;Roam;Hylos;Baxia;Revitalize;Falcons Vega MENA;Geltek Cyber Team;1 - 2;1;4;6;13:05;Expanding Rivers;Quarterfinals
17/07/2026;Red;Lose;Noraa;Explane;Esmeralda;Marcel;Purify;Team Rey Young;Natus Vincere;0 - 1;1;1;1;24:16;Dangerous Grass;Quarterfinals
17/07/2026;Red;Lose;Tann;Jungler;Guinevere;Zhuxin;Retribution;Team Rey Young;Natus Vincere;0 - 1;1;4;2;24:16;Dangerous Grass;Quarterfinals
17/07/2026;Red;Lose;Mikuu;Midlane;Lylia;Chip;Flicker;Team Rey Young;Natus Vincere;0 - 1;3;3;4;24:16;Dangerous Grass;Quarterfinals
17/07/2026;Red;Lose;Qu1nn;Goldlane;Hanabi;Gatot Kaca;Aegis;Team Rey Young;Natus Vincere;0 - 1;2;4;5;24:16;Dangerous Grass;Quarterfinals
17/07/2026;Red;Lose;Qiiboyyy;Roam;Belerick;Alice;Revitalize;Team Rey Young;Natus Vincere;0 - 1;0;6;7;24:16;Dangerous Grass;Quarterfinals
17/07/2026;Blue;Win;Ayanami;Explane;Cici;Atlas;Vengeance;Natus Vincere;Team Rey Young;1 - 0;4;3;10;24:16;Dangerous Grass;Quarterfinals
17/07/2026;Blue;Win;Keishi;Jungler;Baxia;Gloo;Retribution;Natus Vincere;Team Rey Young;1 - 0;3;2;11;24:16;Dangerous Grass;Quarterfinals
17/07/2026;Blue;Win;Rain;Midlane;Yve;Karrie;Flicker;Natus Vincere;Team Rey Young;1 - 0;5;0;9;24:16;Dangerous Grass;Quarterfinals
17/07/2026;Blue;Win;Rianne;Goldlane;Claude;Moskov;Purify;Natus Vincere;Team Rey Young;1 - 0;3;1;8;24:16;Dangerous Grass;Quarterfinals
17/07/2026;Blue;Win;Meraaay;Roam;Akai;Obsidia;Flicker;Natus Vincere;Team Rey Young;1 - 0;3;1;11;24:16;Dangerous Grass;Quarterfinals
17/07/2026;Red;Lose;Noraa;Explane;Esmeralda;Marcel;Purify;Team Rey Young;Natus Vincere;0 - 2;0;3;2;15:08;Flying Clouds;Quarterfinals
17/07/2026;Red;Lose;Tann;Jungler;Suyou;Zhuxin;Retribution;Team Rey Young;Natus Vincere;0 - 2;2;1;1;15:08;Flying Clouds;Quarterfinals
17/07/2026;Red;Lose;Mikuu;Midlane;Lylia;Chip;Flicker;Team Rey Young;Natus Vincere;0 - 2;0;3;4;15:08;Flying Clouds;Quarterfinals
17/07/2026;Red;Lose;Qu1nn;Goldlane;Claude;Cici;Purify;Team Rey Young;Natus Vincere;0 - 2;1;3;3;15:08;Flying Clouds;Quarterfinals
17/07/2026;Red;Lose;Qiiboyyy;Roam;Gatot Kaca;Kimmy;Revitalize;Team Rey Young;Natus Vincere;0 - 2;1;3;3;15:08;Flying Clouds;Quarterfinals
17/07/2026;Blue;Win;Ayanami;Explane;Yu Zhong;Atlas;Petrify;Natus Vincere;Team Rey Young;2 - 0;1;2;3;15:08;Flying Clouds;Quarterfinals
17/07/2026;Blue;Win;Keishi;Jungler;Baxia;Gloo;Retribution;Natus Vincere;Team Rey Young;2 - 0;4;0;5;15:08;Flying Clouds;Quarterfinals
17/07/2026;Blue;Win;Rain;Midlane;Valentina;Karrie;Flicker;Natus Vincere;Team Rey Young;2 - 0;2;1;5;15:08;Flying Clouds;Quarterfinals
17/07/2026;Blue;Win;Rianne;Goldlane;Harith;Akai;Flicker;Natus Vincere;Team Rey Young;2 - 0;5;0;6;15:08;Flying Clouds;Quarterfinals
17/07/2026;Blue;Win;Meraaay;Roam;Belerick;X Borg;Revitalize;Natus Vincere;Team Rey Young;2 - 0;1;1;7;15:08;Flying Clouds;Quarterfinals
17/07/2026;Red;Lose;Lingg;Explane;Arlott;Baxia;Flicker;Galaxy Phoenix;Natus Vincere;0 - 1;2;3;8;20:36;Flying Clouds;Semifinals
17/07/2026;Red;Lose;Fahh;Jungler;Akai;Harith;Retribution;Galaxy Phoenix;Natus Vincere;0 - 1;1;4;9;20:36;Flying Clouds;Semifinals
17/07/2026;Red;Lose;Sofia;Midlane;Pharsa;Paquito;Flicker;Galaxy Phoenix;Natus Vincere;0 - 1;5;1;6;20:36;Flying Clouds;Semifinals
17/07/2026;Red;Lose;Winnie;Goldlane;Claude;Barats;Flicker;Galaxy Phoenix;Natus Vincere;0 - 1;4;2;4;20:36;Flying Clouds;Semifinals
17/07/2026;Red;Lose;Lemaa;Roam;Atlas;Moskov;Flicker;Galaxy Phoenix;Natus Vincere;0 - 1;1;4;7;20:36;Flying Clouds;Semifinals
17/07/2026;Blue;Win;Ayanami;Explane;Esmeralda;Guinevere;Purify;Natus Vincere;Galaxy Phoenix;1 - 0;3;4;4;20:36;Flying Clouds;Semifinals
17/07/2026;Blue;Win;Keishi;Jungler;Alice;Belerick;Retribution;Natus Vincere;Galaxy Phoenix;1 - 0;4;1;6;20:36;Flying Clouds;Semifinals
17/07/2026;Blue;Win;Rain;Midlane;Lylia;Sora;Purify;Natus Vincere;Galaxy Phoenix;1 - 0;2;1;9;20:36;Flying Clouds;Semifinals
17/07/2026;Blue;Win;Rianne;Goldlane;Bruno;Cici;Purify;Natus Vincere;Galaxy Phoenix;1 - 0;3;3;6;20:36;Flying Clouds;Semifinals
17/07/2026;Blue;Win;Meraaay;Roam;Marcel;Valentina;Purify;Natus Vincere;Galaxy Phoenix;1 - 0;2;5;6;20:36;Flying Clouds;Semifinals
17/07/2026;Red;Lose;Lingg;Explane;Sora;Baxia;Flicker;Galaxy Phoenix;Natus Vincere;0 - 2;3;3;4;17:47;Dangerous Grass;Semifinals
17/07/2026;Red;Lose;Fahh;Jungler;Ling;Phoveus;Retribution;Galaxy Phoenix;Natus Vincere;0 - 2;4;3;3;17:47;Dangerous Grass;Semifinals
17/07/2026;Red;Lose;Sofia;Midlane;Selena;Harith;Flicker;Galaxy Phoenix;Natus Vincere;0 - 2;0;3;8;17:47;Dangerous Grass;Semifinals
17/07/2026;Red;Lose;Winnie;Goldlane;Bruno;Akai;Flicker;Galaxy Phoenix;Natus Vincere;0 - 2;4;5;3;17:47;Dangerous Grass;Semifinals
17/07/2026;Red;Lose;Lemaa;Roam;Hilda;Fredrinn;Flicker;Galaxy Phoenix;Natus Vincere;0 - 2;0;3;8;17:47;Dangerous Grass;Semifinals
17/07/2026;Blue;Win;Ayanami;Explane;Freya;Marcel;Flicker;Natus Vincere;Galaxy Phoenix;2 - 0;0;4;10;17:47;Dangerous Grass;Semifinals
17/07/2026;Blue;Win;Keishi;Jungler;Balmond;Guinevere;Retribution;Natus Vincere;Galaxy Phoenix;2 - 0;5;2;4;17:47;Dangerous Grass;Semifinals
17/07/2026;Blue;Win;Rain;Midlane;Lylia;Belerick;Flicker;Natus Vincere;Galaxy Phoenix;2 - 0;5;0;10;17:47;Dangerous Grass;Semifinals
17/07/2026;Blue;Win;Rianne;Goldlane;Claude;Valentina;Flicker;Natus Vincere;Galaxy Phoenix;2 - 0;5;2;8;17:47;Dangerous Grass;Semifinals
17/07/2026;Blue;Win;Meraaay;Roam;Chip;Karrie;Flicker;Natus Vincere;Galaxy Phoenix;2 - 0;2;3;12;17:47;Dangerous Grass;Semifinals
17/07/2026;Red;Lose;Lingg;Explane;Alice;Chip;Flicker;Galaxy Phoenix;Natus Vincere;0 - 3;2;3;9;21:23;Broken Walls;Semifinals
17/07/2026;Red;Lose;Fahh;Jungler;Baxia;Balmond;Retribution;Galaxy Phoenix;Natus Vincere;0 - 3;2;6;10;21:23;Broken Walls;Semifinals
17/07/2026;Red;Lose;Sofia;Midlane;Pharsa;X Borg;Flicker;Galaxy Phoenix;Natus Vincere;0 - 3;4;6;10;21:23;Broken Walls;Semifinals
17/07/2026;Red;Lose;Winnie;Goldlane;Irithel;Freya;Purify;Galaxy Phoenix;Natus Vincere;0 - 3;7;2;5;21:23;Broken Walls;Semifinals
17/07/2026;Red;Lose;Lemaa;Roam;Minotaur;Yu Zhong;Flicker;Galaxy Phoenix;Natus Vincere;0 - 3;1;4;8;21:23;Broken Walls;Semifinals
17/07/2026;Blue;Win;Ayanami;Explane;Gloo;Marcel;Flicker;Natus Vincere;Galaxy Phoenix;3 - 0;4;6;10;21:23;Broken Walls;Semifinals
17/07/2026;Blue;Win;Keishi;Jungler;Akai;Guinevere;Retribution;Natus Vincere;Galaxy Phoenix;3 - 0;2;4;13;21:23;Broken Walls;Semifinals
17/07/2026;Blue;Win;Rain;Midlane;Lylia;Belerick;Flicker;Natus Vincere;Galaxy Phoenix;3 - 0;4;3;14;21:23;Broken Walls;Semifinals
17/07/2026;Blue;Win;Rianne;Goldlane;Karrie;Moskov;Flicker;Natus Vincere;Galaxy Phoenix;3 - 0;10;1;4;21:23;Broken Walls;Semifinals
17/07/2026;Blue;Win;Meraaay;Roam;Kaja;Atlas;Flicker;Natus Vincere;Galaxy Phoenix;3 - 0;1;2;13;21:23;Broken Walls;Semifinals
17/07/2026;Blue;Win;Lyubon;Explane;Paquito;Guinevere;Flicker;Geltek Cyber Team;Team Vitality;1 - 0;4;0;3;15:08;Expanding Rivers;Semifinals
17/07/2026;Blue;Win;Kioway;Jungler;Aulus;Akai;Retribution;Geltek Cyber Team;Team Vitality;1 - 0;2;1;7;15:08;Expanding Rivers;Semifinals
17/07/2026;Blue;Win;Sonjjqkke;Midlane;Valentina;Esmeralda;Flicker;Geltek Cyber Team;Team Vitality;1 - 0;1;0;14;15:08;Expanding Rivers;Semifinals
17/07/2026;Blue;Win;Tokio;Goldlane;Karrie;Balmond;Purify;Geltek Cyber Team;Team Vitality;1 - 0;8;1;3;15:08;Expanding Rivers;Semifinals
17/07/2026;Blue;Win;KUWEJO;Roam;Belerick;Yi Sunshin;Revitalize;Geltek Cyber Team;Team Vitality;1 - 0;1;0;12;15:08;Expanding Rivers;Semifinals
17/07/2026;Red;Lose;Fumi;Explane;Freya;Marcel;Vengeance;Team Vitality;Geltek Cyber Team;0 - 1;2;5;0;15:08;Expanding Rivers;Semifinals
17/07/2026;Red;Lose;Vival;Jungler;Fredrinn;Hirara;Retribution;Team Vitality;Geltek Cyber Team;0 - 1;0;1;0;15:08;Expanding Rivers;Semifinals
17/07/2026;Red;Lose;Cinny;Midlane;Zhuxin;Baxia;Sprint;Team Vitality;Geltek Cyber Team;0 - 1;0;5;2;15:08;Expanding Rivers;Semifinals
17/07/2026;Red;Lose;Chell;Goldlane;Moskov;Phoveus;Flicker;Team Vitality;Geltek Cyber Team;0 - 1;0;1;0;15:08;Expanding Rivers;Semifinals
17/07/2026;Red;Lose;Vivian;Roam;Atlas;Harley;Flicker;Team Vitality;Geltek Cyber Team;0 - 1;0;4;1;15:08;Expanding Rivers;Semifinals
17/07/2026;Blue;Lose;Lyubon;Explane;Cici;Guinevere;Vengeance;Geltek Cyber Team;Team Vitality;1 - 1;0;2;0;12:30;Dangerous Grass;Semifinals
17/07/2026;Blue;Lose;Kioway;Jungler;Baxia;Akai;Retribution;Geltek Cyber Team;Team Vitality;1 - 1;0;1;3;12:30;Dangerous Grass;Semifinals
17/07/2026;Blue;Lose;Sonjjqkke;Midlane;Valentina;Esmeralda;Flicker;Geltek Cyber Team;Team Vitality;1 - 1;0;6;3;12:30;Dangerous Grass;Semifinals
17/07/2026;Blue;Lose;Tokio;Goldlane;Bruno;Balmond;Purify;Geltek Cyber Team;Team Vitality;1 - 1;0;5;2;12:30;Dangerous Grass;Semifinals
17/07/2026;Blue;Lose;KUWEJO;Roam;Belerick;Yi Sunshin;Revitalize;Geltek Cyber Team;Team Vitality;1 - 1;3;4;0;12:30;Dangerous Grass;Semifinals
17/07/2026;Red;Win;Fumi;Explane;Alice;Marcel;Flicker;Team Vitality;Geltek Cyber Team;1 - 1;0;0;11;12:30;Dangerous Grass;Semifinals
17/07/2026;Red;Win;Vival;Jungler;Ling;Hirara;Retribution;Team Vitality;Geltek Cyber Team;1 - 1;7;1;7;12:30;Dangerous Grass;Semifinals
17/07/2026;Red;Win;Cinny;Midlane;Yve;Paquito;Flicker;Team Vitality;Geltek Cyber Team;1 - 1;4;1;7;12:30;Dangerous Grass;Semifinals
17/07/2026;Red;Win;Chell;Goldlane;Karrie;Claude;Purify;Team Vitality;Geltek Cyber Team;1 - 1;6;0;5;12:30;Dangerous Grass;Semifinals
17/07/2026;Red;Win;Vivian;Roam;Atlas;Moskov;Flicker;Team Vitality;Geltek Cyber Team;1 - 1;1;1;11;12:30;Dangerous Grass;Semifinals
17/07/2026;Red;Lose;Lyubon;Explane;Esmeralda;Guinevere;Flicker;Geltek Cyber Team;Team Vitality;1 - 2;0;2;2;12:27;Flying Clouds;Semifinals
17/07/2026;Red;Lose;Kioway;Jungler;Balmond;Akai;Retribution;Geltek Cyber Team;Team Vitality;1 - 2;1;5;1;12:27;Flying Clouds;Semifinals
17/07/2026;Red;Lose;Sonjjqkke;Midlane;Lylia;Marcel;Purify;Geltek Cyber Team;Team Vitality;1 - 2;0;2;2;12:27;Flying Clouds;Semifinals
17/07/2026;Red;Lose;Tokio;Goldlane;Clint;Valentina;Purify;Geltek Cyber Team;Team Vitality;1 - 2;0;2;1;12:27;Flying Clouds;Semifinals
17/07/2026;Red;Lose;KUWEJO;Roam;Mathilda;Kimmy;Purify;Geltek Cyber Team;Team Vitality;1 - 2;1;3;1;12:27;Flying Clouds;Semifinals
17/07/2026;Blue;Win;Fumi;Explane;Alice;Baxia;Flicker;Team Vitality;Geltek Cyber Team;2 - 1;3;1;9;12:27;Flying Clouds;Semifinals
17/07/2026;Blue;Win;Vival;Jungler;Hirara;Karrie;Retribution;Team Vitality;Geltek Cyber Team;2 - 1;11;0;2;12:27;Flying Clouds;Semifinals
17/07/2026;Blue;Win;Cinny;Midlane;Selena;Aulus;Flicker;Team Vitality;Geltek Cyber Team;2 - 1;0;0;9;12:27;Flying Clouds;Semifinals
17/07/2026;Blue;Win;Chell;Goldlane;Claude;Belerick;Flicker;Team Vitality;Geltek Cyber Team;2 - 1;0;0;8;12:27;Flying Clouds;Semifinals
17/07/2026;Blue;Win;Vivian;Roam;Atlas;Gatot Kaca;Flicker;Team Vitality;Geltek Cyber Team;2 - 1;0;1;9;12:27;Flying Clouds;Semifinals
17/07/2026;Blue;Lose;Lyubon;Explane;Lapu lapu;Guinevere;Flicker;Geltek Cyber Team;Team Vitality;1 - 3;2;3;2;16:56;Expanding Rivers;Semifinals
17/07/2026;Blue;Lose;Kioway;Jungler;Aulus;Atlas;Retribution;Geltek Cyber Team;Team Vitality;1 - 3;1;5;1;16:56;Expanding Rivers;Semifinals
17/07/2026;Blue;Lose;Sonjjqkke;Midlane;Valentina;Esmeralda;Flicker;Geltek Cyber Team;Team Vitality;1 - 3;0;2;3;16:56;Expanding Rivers;Semifinals
17/07/2026;Blue;Lose;Tokio;Goldlane;Karrie;Ling;Flicker;Geltek Cyber Team;Team Vitality;1 - 3;2;3;0;16:56;Expanding Rivers;Semifinals
17/07/2026;Blue;Lose;KUWEJO;Roam;Hylos;Akai;Revitalize;Geltek Cyber Team;Team Vitality;1 - 3;1;2;3;16:56;Expanding Rivers;Semifinals
17/07/2026;Red;Win;Fumi;Explane;Arlott;Marcel;Flicker;Team Vitality;Geltek Cyber Team;3 - 1;2;2;8;16:56;Expanding Rivers;Semifinals
17/07/2026;Red;Win;Vival;Jungler;Nolan;Hirara;Retribution;Team Vitality;Geltek Cyber Team;3 - 1;9;1;4;16:56;Expanding Rivers;Semifinals
17/07/2026;Red;Win;Cinny;Midlane;Yve;Paquito;Flicker;Team Vitality;Geltek Cyber Team;3 - 1;3;2;7;16:56;Expanding Rivers;Semifinals
17/07/2026;Red;Win;Chell;Goldlane;Claude;Kaja;Purify;Team Vitality;Geltek Cyber Team;3 - 1;1;0;9;16:56;Expanding Rivers;Semifinals
17/07/2026;Red;Win;Vivian;Roam;Belerick;Lylia;Flicker;Team Vitality;Geltek Cyber Team;3 - 1;0;1;10;16:56;Expanding Rivers;Semifinals
18/07/2026;Red;Lose;Lingg;Explane;Paquito;Marcel;Flicker;Galaxy Phoenix;Geltek Cyber Team;0 - 1;1;3;3;18:26;Broken Walls;Bronze Match
18/07/2026;Red;Lose;Fahh;Jungler;Akai;Valentina;Retribution;Galaxy Phoenix;Geltek Cyber Team;0 - 1;2;3;6;18:26;Broken Walls;Bronze Match
18/07/2026;Red;Lose;Sofia;Midlane;Gord;Aulus;Flicker;Galaxy Phoenix;Geltek Cyber Team;0 - 1;1;6;6;18:26;Broken Walls;Bronze Match
18/07/2026;Red;Lose;Winnie;Goldlane;Karrie;Phoveus;Flicker;Galaxy Phoenix;Geltek Cyber Team;0 - 1;5;2;1;18:26;Broken Walls;Bronze Match
18/07/2026;Red;Lose;Lemaa;Roam;Chou;Esmeralda;Flicker;Galaxy Phoenix;Geltek Cyber Team;0 - 1;0;2;6;18:26;Broken Walls;Bronze Match
18/07/2026;Blue;Win;Lyubon;Explane;Yu Zhong;Belerick;Petrify;Geltek Cyber Team;Galaxy Phoenix;1 - 0;6;0;2;18:26;Broken Walls;Bronze Match
18/07/2026;Blue;Win;Kioway;Jungler;Harley;Guinevere;Retribution;Geltek Cyber Team;Galaxy Phoenix;1 - 0;4;1;4;18:26;Broken Walls;Bronze Match
18/07/2026;Blue;Win;Sonjjqkke;Midlane;Yve;Sora;Flicker;Geltek Cyber Team;Galaxy Phoenix;1 - 0;4;2;8;18:26;Broken Walls;Bronze Match
18/07/2026;Blue;Win;Tokio;Goldlane;Clint;Ling;Flicker;Geltek Cyber Team;Galaxy Phoenix;1 - 0;1;2;7;18:26;Broken Walls;Bronze Match
18/07/2026;Blue;Win;KUWEJO;Roam;Atlas;Baxia;Flicker;Geltek Cyber Team;Galaxy Phoenix;1 - 0;1;4;12;18:26;Broken Walls;Bronze Match
18/07/2026;Red;Lose;Lingg;Explane;Alice;Marcel;Flicker;Galaxy Phoenix;Geltek Cyber Team;0 - 2;1;3;10;17:00;Flying Clouds;Bronze Match
18/07/2026;Red;Lose;Fahh;Jungler;Suyou;Valentina;Retribution;Galaxy Phoenix;Geltek Cyber Team;0 - 2;6;4;2;17:00;Flying Clouds;Bronze Match
18/07/2026;Red;Lose;Sofia;Midlane;Gord;Atlas;Flicker;Galaxy Phoenix;Geltek Cyber Team;0 - 2;5;5;6;17:00;Flying Clouds;Bronze Match
18/07/2026;Red;Lose;Winnie;Goldlane;Claude;Kaja;Flicker;Galaxy Phoenix;Geltek Cyber Team;0 - 2;0;2;10;17:00;Flying Clouds;Bronze Match
18/07/2026;Red;Lose;Lemaa;Roam;Khaleed;Kalea;Flicker;Galaxy Phoenix;Geltek Cyber Team;0 - 2;2;6;11;17:00;Flying Clouds;Bronze Match
18/07/2026;Blue;Win;Lyubon;Explane;Esmeralda;Guinevere;Flicker;Geltek Cyber Team;Galaxy Phoenix;2 - 0;3;3;6;17:00;Flying Clouds;Bronze Match
18/07/2026;Blue;Win;Kioway;Jungler;Hayabusa;Belerick;Retribution;Geltek Cyber Team;Galaxy Phoenix;2 - 0;5;1;3;17:00;Flying Clouds;Bronze Match
18/07/2026;Blue;Win;Sonjjqkke;Midlane;Kimmy;Sora;Flicker;Geltek Cyber Team;Galaxy Phoenix;2 - 0;3;2;15;17:00;Flying Clouds;Bronze Match
18/07/2026;Blue;Win;Tokio;Goldlane;Karrie;Ling;Flicker;Geltek Cyber Team;Galaxy Phoenix;2 - 0;8;2;4;17:00;Flying Clouds;Bronze Match
18/07/2026;Blue;Win;KUWEJO;Roam;Franco;Moskov;Flicker;Geltek Cyber Team;Galaxy Phoenix;2 - 0;1;6;11;17:00;Flying Clouds;Bronze Match
18/07/2026;Red;Lose;Lingg;Explane;Cici;Marcel;Sprint;Galaxy Phoenix;Geltek Cyber Team;0 - 3;1;5;1;11:23;Dangerous Grass;Bronze Match
18/07/2026;Red;Lose;Fahh;Jungler;Suyou;Valentina;Retribution;Galaxy Phoenix;Geltek Cyber Team;0 - 3;1;2;1;11:23;Dangerous Grass;Bronze Match
18/07/2026;Red;Lose;Sofia;Midlane;Lylia;Atlas;Sprint;Galaxy Phoenix;Geltek Cyber Team;0 - 3;0;3;3;11:23;Dangerous Grass;Bronze Match
18/07/2026;Red;Lose;Winnie;Goldlane;Harith;Claude;Flicker;Galaxy Phoenix;Geltek Cyber Team;0 - 3;0;0;1;11:23;Dangerous Grass;Bronze Match
18/07/2026;Red;Lose;Lemaa;Roam;Khaleed;Hayabusa;Flicker;Galaxy Phoenix;Geltek Cyber Team;0 - 3;1;3;0;11:23;Dangerous Grass;Bronze Match
18/07/2026;Blue;Win;Lyubon;Explane;Esmeralda;Guinevere;Flicker;Geltek Cyber Team;Galaxy Phoenix;3 - 0;2;0;8;11:23;Dangerous Grass;Bronze Match
18/07/2026;Blue;Win;Kioway;Jungler;Leomord;Belerick;Retribution;Geltek Cyber Team;Galaxy Phoenix;3 - 0;3;1;4;11:23;Dangerous Grass;Bronze Match
18/07/2026;Blue;Win;Sonjjqkke;Midlane;Yve;Sora;Flicker;Geltek Cyber Team;Galaxy Phoenix;3 - 0;3;1;7;11:23;Dangerous Grass;Bronze Match
18/07/2026;Blue;Win;Tokio;Goldlane;Granger;Gord;Flicker;Geltek Cyber Team;Galaxy Phoenix;3 - 0;5;0;7;11:23;Dangerous Grass;Bronze Match
18/07/2026;Blue;Win;KUWEJO;Roam;Hylos;Ling;Revitalize;Geltek Cyber Team;Galaxy Phoenix;3 - 0;0;1;10;11:23;Dangerous Grass;Bronze Match
18/07/2026;Red;Win;Ayanami;Explane;Freya;Marcel;Purify;Natus Vincere;Team Vitality;1 - 0;8;0;1;17:45;Flying Clouds;Grand Final
18/07/2026;Red;Win;Keishi;Jungler;Alice;Hirara;Retribution;Natus Vincere;Team Vitality;1 - 0;0;1;10;17:45;Flying Clouds;Grand Final
18/07/2026;Red;Win;Rain;Midlane;Yve;Atlas;Flicker;Natus Vincere;Team Vitality;1 - 0;3;0;10;17:45;Flying Clouds;Grand Final
18/07/2026;Red;Win;Rianne;Goldlane;Claude;Karrie;Flicker;Natus Vincere;Team Vitality;1 - 0;3;1;4;17:45;Flying Clouds;Grand Final
18/07/2026;Red;Win;Meraaay;Roam;Gloo;Moskov;Flicker;Natus Vincere;Team Vitality;1 - 0;0;3;8;17:45;Flying Clouds;Grand Final
18/07/2026;Blue;Lose;Fumi;Explane;Arlott;Chip;Flicker;Team Vitality;Natus Vincere;0 - 1;1;4;0;17:45;Flying Clouds;Grand Final
18/07/2026;Blue;Lose;Vival;Jungler;Akai;Baxia;Retribution;Team Vitality;Natus Vincere;0 - 1;0;3;3;17:45;Flying Clouds;Grand Final
18/07/2026;Blue;Lose;Cinny;Midlane;Lylia;Esmeralda;Sprint;Team Vitality;Natus Vincere;0 - 1;2;2;2;17:45;Flying Clouds;Grand Final
18/07/2026;Blue;Lose;Chell;Goldlane;Bruno;Paquito;Flicker;Team Vitality;Natus Vincere;0 - 1;1;2;4;17:45;Flying Clouds;Grand Final
18/07/2026;Blue;Lose;Vivian;Roam;Belerick;Phoveus;Revitalize;Team Vitality;Natus Vincere;0 - 1;1;3;3;17:45;Flying Clouds;Grand Final
18/07/2026;Blue;Lose;Ayanami;Explane;Esmeralda;Akai;Flicker;Natus Vincere;Team Vitality;1 - 1;1;1;4;19:00;Expanding Rivers;Grand Final
18/07/2026;Blue;Lose;Keishi;Jungler;Hanzo;Atlas;Retribution;Natus Vincere;Team Vitality;1 - 1;7;1;1;19:00;Expanding Rivers;Grand Final
18/07/2026;Blue;Lose;Rain;Midlane;Kimmy;Hirara;Flicker;Natus Vincere;Team Vitality;1 - 1;1;2;4;19:00;Expanding Rivers;Grand Final
18/07/2026;Blue;Lose;Rianne;Goldlane;Harith;Yve;Purify;Natus Vincere;Team Vitality;1 - 1;2;3;3;19:00;Expanding Rivers;Grand Final
18/07/2026;Blue;Lose;Meraaay;Roam;Gatot Kaca;Ling;Revitalize;Natus Vincere;Team Vitality;1 - 1;0;4;3;19:00;Expanding Rivers;Grand Final
18/07/2026;Red;Win;Fumi;Explane;Alice;Baxia;Flicker;Team Vitality;Natus Vincere;1 - 1;1;1;9;19:00;Expanding Rivers;Grand Final
18/07/2026;Red;Win;Vival;Jungler;Nolan;Chip;Retribution;Team Vitality;Natus Vincere;1 - 1;5;3;1;19:00;Expanding Rivers;Grand Final
18/07/2026;Red;Win;Cinny;Midlane;Selena;Marcel;Flicker;Team Vitality;Natus Vincere;1 - 1;1;2;5;19:00;Expanding Rivers;Grand Final
18/07/2026;Red;Win;Chell;Goldlane;Claude;Balmond;Purify;Team Vitality;Natus Vincere;1 - 1;4;1;4;19:00;Expanding Rivers;Grand Final
18/07/2026;Red;Win;Vivian;Roam;Belerick;Fredrinn;Flicker;Team Vitality;Natus Vincere;1 - 1;0;4;6;19:00;Expanding Rivers;Grand Final
18/07/2026;Blue;Lose;Ayanami;Explane;Yu Zhong;Akai;Petrify;Natus Vincere;Team Vitality;1 - 2;2;6;3;28:11;Expanding Rivers;Grand Final
18/07/2026;Blue;Lose;Keishi;Jungler;Nolan;Atlas;Retribution;Natus Vincere;Team Vitality;1 - 2;5;4;2;28:11;Expanding Rivers;Grand Final
18/07/2026;Blue;Lose;Rain;Midlane;Valentina;Hirara;Flicker;Natus Vincere;Team Vitality;1 - 2;3;1;5;28:11;Expanding Rivers;Grand Final
18/07/2026;Blue;Lose;Rianne;Goldlane;Claude;Guinevere;Purify;Natus Vincere;Team Vitality;1 - 2;1;6;5;28:11;Expanding Rivers;Grand Final
18/07/2026;Blue;Lose;Meraaay;Roam;Belerick;Gloo;Flicker;Natus Vincere;Team Vitality;1 - 2;1;5;9;28:11;Expanding Rivers;Grand Final
18/07/2026;Red;Win;Fumi;Explane;Paquito;Chip;Flicker;Team Vitality;Natus Vincere;2 - 1;3;5;8;28:11;Expanding Rivers;Grand Final
18/07/2026;Red;Win;Vival;Jungler;Balmond;Baxia;Retribution;Team Vitality;Natus Vincere;2 - 1;6;1;8;28:11;Expanding Rivers;Grand Final
18/07/2026;Red;Win;Cinny;Midlane;Yve;Marcel;Flicker;Team Vitality;Natus Vincere;2 - 1;3;1;11;28:11;Expanding Rivers;Grand Final
18/07/2026;Red;Win;Chell;Goldlane;Karrie;Freya;Flicker;Team Vitality;Natus Vincere;2 - 1;8;3;4;28:11;Expanding Rivers;Grand Final
18/07/2026;Red;Win;Vivian;Roam;Chou;Esmeralda;Flicker;Team Vitality;Natus Vincere;2 - 1;2;2;6;28:11;Expanding Rivers;Grand Final
18/07/2026;Red;Win;Ayanami;Explane;Alice;Hirara;Flicker;Natus Vincere;Team Vitality;2 - 2;1;2;10;19:30;Flying Clouds;Grand Final
18/07/2026;Red;Win;Keishi;Jungler;Balmond;Marcel;Retribution;Natus Vincere;Team Vitality;2 - 2;6;2;7;19:30;Flying Clouds;Grand Final
18/07/2026;Red;Win;Rain;Midlane;Lylia;Yve;Purify;Natus Vincere;Team Vitality;2 - 2;4;0;10;19:30;Flying Clouds;Grand Final
18/07/2026;Red;Win;Rianne;Goldlane;Moskov;Kimmy;Purify;Natus Vincere;Team Vitality;2 - 2;2;2;7;19:30;Flying Clouds;Grand Final
18/07/2026;Red;Win;Meraaay;Roam;Gloo;Valentina;Flicker;Natus Vincere;Team Vitality;2 - 2;1;2;5;19:30;Flying Clouds;Grand Final
18/07/2026;Blue;Lose;Fumi;Explane;Esmeralda;Chip;Sprint;Team Vitality;Natus Vincere;2 - 2;1;4;4;19:30;Flying Clouds;Grand Final
18/07/2026;Blue;Lose;Vival;Jungler;Ling;Baxia;Retribution;Team Vitality;Natus Vincere;2 - 2;4;2;2;19:30;Flying Clouds;Grand Final
18/07/2026;Blue;Lose;Cinny;Midlane;Selena;Karrie;Flicker;Team Vitality;Natus Vincere;2 - 2;3;1;4;19:30;Flying Clouds;Grand Final
18/07/2026;Blue;Lose;Chell;Goldlane;Claude;Belerick;Purify;Team Vitality;Natus Vincere;2 - 2;0;1;4;19:30;Flying Clouds;Grand Final
18/07/2026;Blue;Lose;Vivian;Roam;Atlas;Gatot Kaca;Flicker;Team Vitality;Natus Vincere;2 - 2;0;6;5;19:30;Flying Clouds;Grand Final
18/07/2026;Blue;Lose;Ayanami;Explane;Cici;Akai;Vengeance;Natus Vincere;Team Vitality;2 - 3;0;3;2;11:23;Flying Clouds;Grand Final
18/07/2026;Blue;Lose;Keishi;Jungler;Balmond;Atlas;Retribution;Natus Vincere;Team Vitality;2 - 3;1;4;2;11:23;Flying Clouds;Grand Final
18/07/2026;Blue;Lose;Rain;Midlane;Yve;Hirara;Flicker;Natus Vincere;Team Vitality;2 - 3;0;2;2;11:23;Flying Clouds;Grand Final
18/07/2026;Blue;Lose;Rianne;Goldlane;Moskov;Chou;Flicker;Natus Vincere;Team Vitality;2 - 3;1;1;1;11:23;Flying Clouds;Grand Final
18/07/2026;Blue;Lose;Meraaay;Roam;Kalea;Kaja;Flicker;Natus Vincere;Team Vitality;2 - 3;1;3;1;11:23;Flying Clouds;Grand Final
18/07/2026;Red;Win;Fumi;Explane;Esmeralda;Chip;Purify;Team Vitality;Natus Vincere;3 - 2;3;1;6;11:23;Flying Clouds;Grand Final
18/07/2026;Red;Win;Vival;Jungler;Ling;Baxia;Retribution;Team Vitality;Natus Vincere;3 - 2;3;1;6;11:23;Flying Clouds;Grand Final
18/07/2026;Red;Win;Cinny;Midlane;Lylia;Marcel;Sprint;Team Vitality;Natus Vincere;3 - 2;2;0;8;11:23;Flying Clouds;Grand Final
18/07/2026;Red;Win;Chell;Goldlane;Karrie;Harith;Purify;Team Vitality;Natus Vincere;3 - 2;2;0;3;11:23;Flying Clouds;Grand Final
18/07/2026;Red;Win;Vivian;Roam;Minotaur;Gatot Kaca;Flicker;Team Vitality;Natus Vincere;3 - 2;3;1;7;11:23;Flying Clouds;Grand Final
18/07/2026;Red;Lose;Ayanami;Explane;Freya;Marcel;Purify;Natus Vincere;Team Vitality;2 - 4;2;2;1;13:30;Flying Clouds;Grand Final
18/07/2026;Red;Lose;Keishi;Jungler;Akai;Hirara;Retribution;Natus Vincere;Team Vitality;2 - 4;0;1;3;13:30;Flying Clouds;Grand Final
18/07/2026;Red;Lose;Rain;Midlane;Zhuxin;Esmeralda;Flicker;Natus Vincere;Team Vitality;2 - 4;2;1;3;13:30;Flying Clouds;Grand Final
18/07/2026;Red;Lose;Rianne;Goldlane;Granger;Valentina;Purify;Natus Vincere;Team Vitality;2 - 4;1;2;3;13:30;Flying Clouds;Grand Final
18/07/2026;Red;Lose;Meraaay;Roam;Atlas;Phoveus;Flicker;Natus Vincere;Team Vitality;2 - 4;0;2;4;13:30;Flying Clouds;Grand Final
18/07/2026;Blue;Win;Fumi;Explane;Terizla;Chip;Flicker;Team Vitality;Natus Vincere;4 - 2;0;3;3;13:30;Flying Clouds;Grand Final
18/07/2026;Blue;Win;Vival;Jungler;Ling;Baxia;Retribution;Team Vitality;Natus Vincere;4 - 2;7;1;0;13:30;Flying Clouds;Grand Final
18/07/2026;Blue;Win;Cinny;Midlane;Valir;Yve;Flicker;Team Vitality;Natus Vincere;4 - 2;0;0;5;13:30;Flying Clouds;Grand Final
18/07/2026;Blue;Win;Chell;Goldlane;Karrie;Lylia;Purify;Team Vitality;Natus Vincere;4 - 2;1;0;5;13:30;Flying Clouds;Grand Final
18/07/2026;Blue;Win;Vivian;Roam;Chou;Alice;Flicker;Team Vitality;Natus Vincere;4 - 2;0;1;4;13:30;Flying Clouds;Grand Final
